<?xml version="1.0" encoding="UTF-8" standalone="yes"?>
<instance>
    <info>
        <dataset>Golden et al. 1998</dataset>
        <name>Golden_15</name>
    </info>
    <network>
        <nodes>
            <node id="1" type="1">
                <cx>3.0</cx>
                <cy>1.0</cy>
            </node>
            <node id="2" type="1">
                <cx>3.0</cx>
                <cy>3.0</cy>
            </node>
            <node id="3" type="1">
                <cx>1.0</cx>
                <cy>3.0</cy>
            </node>
            <node id="4" type="1">
                <cx>-1.0</cx>
                <cy>3.0</cy>
            </node>
            <node id="5" type="1">
                <cx>-3.0</cx>
                <cy>3.0</cy>
            </node>
            <node id="6" type="1">
                <cx>-3.0</cx>
                <cy>1.0</cy>
            </node>
            <node id="7" type="1">
                <cx>-3.0</cx>
                <cy>-1.0</cy>
            </node>
            <node id="8" type="1">
                <cx>-3.0</cx>
                <cy>-3.0</cy>
            </node>
            <node id="9" type="1">
                <cx>-1.0</cx>
                <cy>-3.0</cy>
            </node>
            <node id="10" type="1">
                <cx>1.0</cx>
                <cy>-3.0</cy>
            </node>
            <node id="11" type="1">
                <cx>3.0</cx>
                <cy>-3.0</cy>
            </node>
            <node id="12" type="1">
                <cx>3.0</cx>
                <cy>-1.0</cy>
            </node>
            <node id="13" type="1">
                <cx>5.0</cx>
                <cy>1.0</cy>
            </node>
            <node id="14" type="1">
                <cx>5.0</cx>
                <cy>3.0</cy>
            </node>
            <node id="15" type="1">
                <cx>5.0</cx>
                <cy>5.0</cy>
            </node>
            <node id="16" type="1">
                <cx>3.0</cx>
                <cy>5.0</cy>
            </node>
            <node id="17" type="1">
                <cx>1.0</cx>
                <cy>5.0</cy>
            </node>
            <node id="18" type="1">
                <cx>-1.0</cx>
                <cy>5.0</cy>
            </node>
            <node id="19" type="1">
                <cx>-3.0</cx>
                <cy>5.0</cy>
            </node>
            <node id="20" type="1">
                <cx>-5.0</cx>
                <cy>5.0</cy>
            </node>
            <node id="21" type="1">
                <cx>-5.0</cx>
                <cy>3.0</cy>
            </node>
            <node id="22" type="1">
                <cx>-5.0</cx>
                <cy>1.0</cy>
            </node>
            <node id="23" type="1">
                <cx>-5.0</cx>
                <cy>-1.0</cy>
            </node>
            <node id="24" type="1">
                <cx>-5.0</cx>
                <cy>-3.0</cy>
            </node>
            <node id="25" type="1">
                <cx>-5.0</cx>
                <cy>-5.0</cy>
            </node>
            <node id="26" type="1">
                <cx>-3.0</cx>
                <cy>-5.0</cy>
            </node>
            <node id="27" type="1">
                <cx>-1.0</cx>
                <cy>-5.0</cy>
            </node>
            <node id="28" type="1">
                <cx>1.0</cx>
                <cy>-5.0</cy>
            </node>
            <node id="29" type="1">
                <cx>3.0</cx>
                <cy>-5.0</cy>
            </node>
            <node id="30" type="1">
                <cx>5.0</cx>
                <cy>-5.0</cy>
            </node>
            <node id="31" type="1">
                <cx>5.0</cx>
                <cy>-3.0</cy>
            </node>
            <node id="32" type="1">
                <cx>5.0</cx>
                <cy>-1.0</cy>
            </node>
            <node id="33" type="1">
                <cx>7.0</cx>
                <cy>1.0</cy>
            </node>
            <node id="34" type="1">
                <cx>7.0</cx>
                <cy>3.0</cy>
            </node>
            <node id="35" type="1">
                <cx>7.0</cx>
                <cy>5.0</cy>
            </node>
            <node id="36" type="1">
                <cx>7.0</cx>
                <cy>7.0</cy>
            </node>
            <node id="37" type="1">
                <cx>5.0</cx>
                <cy>7.0</cy>
            </node>
            <node id="38" type="1">
                <cx>3.0</cx>
                <cy>7.0</cy>
            </node>
            <node id="39" type="1">
                <cx>1.0</cx>
                <cy>7.0</cy>
            </node>
            <node id="40" type="1">
                <cx>-1.0</cx>
                <cy>7.0</cy>
            </node>
            <node id="41" type="1">
                <cx>-3.0</cx>
                <cy>7.0</cy>
            </node>
            <node id="42" type="1">
                <cx>-5.0</cx>
                <cy>7.0</cy>
            </node>
            <node id="43" type="1">
                <cx>-7.0</cx>
                <cy>7.0</cy>
            </node>
            <node id="44" type="1">
                <cx>-7.0</cx>
                <cy>5.0</cy>
            </node>
            <node id="45" type="1">
                <cx>-7.0</cx>
                <cy>3.0</cy>
            </node>
            <node id="46" type="1">
                <cx>-7.0</cx>
                <cy>1.0</cy>
            </node>
            <node id="47" type="1">
                <cx>-7.0</cx>
                <cy>-1.0</cy>
            </node>
            <node id="48" type="1">
                <cx>-7.0</cx>
                <cy>-3.0</cy>
            </node>
            <node id="49" type="1">
                <cx>-7.0</cx>
                <cy>-5.0</cy>
            </node>
            <node id="50" type="1">
                <cx>-7.0</cx>
                <cy>-7.0</cy>
            </node>
            <node id="51" type="1">
                <cx>-5.0</cx>
                <cy>-7.0</cy>
            </node>
            <node id="52" type="1">
                <cx>-3.0</cx>
                <cy>-7.0</cy>
            </node>
            <node id="53" type="1">
                <cx>-1.0</cx>
                <cy>-7.0</cy>
            </node>
            <node id="54" type="1">
                <cx>1.0</cx>
                <cy>-7.0</cy>
            </node>
            <node id="55" type="1">
                <cx>3.0</cx>
                <cy>-7.0</cy>
            </node>
            <node id="56" type="1">
                <cx>5.0</cx>
                <cy>-7.0</cy>
            </node>
            <node id="57" type="1">
                <cx>7.0</cx>
                <cy>-7.0</cy>
            </node>
            <node id="58" type="1">
                <cx>7.0</cx>
                <cy>-5.0</cy>
            </node>
            <node id="59" type="1">
                <cx>7.0</cx>
                <cy>-3.0</cy>
            </node>
            <node id="60" type="1">
                <cx>7.0</cx>
                <cy>-1.0</cy>
            </node>
            <node id="61" type="1">
                <cx>9.0</cx>
                <cy>1.0</cy>
            </node>
            <node id="62" type="1">
                <cx>9.0</cx>
                <cy>3.0</cy>
            </node>
            <node id="63" type="1">
                <cx>9.0</cx>
                <cy>5.0</cy>
            </node>
            <node id="64" type="1">
                <cx>9.0</cx>
                <cy>7.0</cy>
            </node>
            <node id="65" type="1">
                <cx>9.0</cx>
                <cy>9.0</cy>
            </node>
            <node id="66" type="1">
                <cx>7.0</cx>
                <cy>9.0</cy>
            </node>
            <node id="67" type="1">
                <cx>5.0</cx>
                <cy>9.0</cy>
            </node>
            <node id="68" type="1">
                <cx>3.0</cx>
                <cy>9.0</cy>
            </node>
            <node id="69" type="1">
                <cx>1.0</cx>
                <cy>9.0</cy>
            </node>
            <node id="70" type="1">
                <cx>-1.0</cx>
                <cy>9.0</cy>
            </node>
            <node id="71" type="1">
                <cx>-3.0</cx>
                <cy>9.0</cy>
            </node>
            <node id="72" type="1">
                <cx>-5.0</cx>
                <cy>9.0</cy>
            </node>
            <node id="73" type="1">
                <cx>-7.0</cx>
                <cy>9.0</cy>
            </node>
            <node id="74" type="1">
                <cx>-9.0</cx>
                <cy>9.0</cy>
            </node>
            <node id="75" type="1">
                <cx>-9.0</cx>
                <cy>7.0</cy>
            </node>
            <node id="76" type="1">
                <cx>-9.0</cx>
                <cy>5.0</cy>
            </node>
            <node id="77" type="1">
                <cx>-9.0</cx>
                <cy>3.0</cy>
            </node>
            <node id="78" type="1">
                <cx>-9.0</cx>
                <cy>1.0</cy>
            </node>
            <node id="79" type="1">
                <cx>-9.0</cx>
                <cy>-1.0</cy>
            </node>
            <node id="80" type="1">
                <cx>-9.0</cx>
                <cy>-3.0</cy>
            </node>
            <node id="81" type="1">
                <cx>-9.0</cx>
                <cy>-5.0</cy>
            </node>
            <node id="82" type="1">
                <cx>-9.0</cx>
                <cy>-7.0</cy>
            </node>
            <node id="83" type="1">
                <cx>-9.0</cx>
                <cy>-9.0</cy>
            </node>
            <node id="84" type="1">
                <cx>-7.0</cx>
                <cy>-9.0</cy>
            </node>
            <node id="85" type="1">
                <cx>-5.0</cx>
                <cy>-9.0</cy>
            </node>
            <node id="86" type="1">
                <cx>-3.0</cx>
                <cy>-9.0</cy>
            </node>
            <node id="87" type="1">
                <cx>-1.0</cx>
                <cy>-9.0</cy>
            </node>
            <node id="88" type="1">
                <cx>1.0</cx>
                <cy>-9.0</cy>
            </node>
            <node id="89" type="1">
                <cx>3.0</cx>
                <cy>-9.0</cy>
            </node>
            <node id="90" type="1">
                <cx>5.0</cx>
                <cy>-9.0</cy>
            </node>
            <node id="91" type="1">
                <cx>7.0</cx>
                <cy>-9.0</cy>
            </node>
            <node id="92" type="1">
                <cx>9.0</cx>
                <cy>-9.0</cy>
            </node>
            <node id="93" type="1">
                <cx>9.0</cx>
                <cy>-7.0</cy>
            </node>
            <node id="94" type="1">
                <cx>9.0</cx>
                <cy>-5.0</cy>
            </node>
            <node id="95" type="1">
                <cx>9.0</cx>
                <cy>-3.0</cy>
            </node>
            <node id="96" type="1">
                <cx>9.0</cx>
                <cy>-1.0</cy>
            </node>
            <node id="97" type="1">
                <cx>11.0</cx>
                <cy>1.0</cy>
            </node>
            <node id="98" type="1">
                <cx>11.0</cx>
                <cy>3.0</cy>
            </node>
            <node id="99" type="1">
                <cx>11.0</cx>
                <cy>5.0</cy>
            </node>
            <node id="100" type="1">
                <cx>11.0</cx>
                <cy>7.0</cy>
            </node>
            <node id="101" type="1">
                <cx>11.0</cx>
                <cy>9.0</cy>
            </node>
            <node id="102" type="1">
                <cx>11.0</cx>
                <cy>11.0</cy>
            </node>
            <node id="103" type="1">
                <cx>9.0</cx>
                <cy>11.0</cy>
            </node>
            <node id="104" type="1">
                <cx>7.0</cx>
                <cy>11.0</cy>
            </node>
            <node id="105" type="1">
                <cx>5.0</cx>
                <cy>11.0</cy>
            </node>
            <node id="106" type="1">
                <cx>3.0</cx>
                <cy>11.0</cy>
            </node>
            <node id="107" type="1">
                <cx>1.0</cx>
                <cy>11.0</cy>
            </node>
            <node id="108" type="1">
                <cx>-1.0</cx>
                <cy>11.0</cy>
            </node>
            <node id="109" type="1">
                <cx>-3.0</cx>
                <cy>11.0</cy>
            </node>
            <node id="110" type="1">
                <cx>-5.0</cx>
                <cy>11.0</cy>
            </node>
            <node id="111" type="1">
                <cx>-7.0</cx>
                <cy>11.0</cy>
            </node>
            <node id="112" type="1">
                <cx>-9.0</cx>
                <cy>11.0</cy>
            </node>
            <node id="113" type="1">
                <cx>-11.0</cx>
                <cy>11.0</cy>
            </node>
            <node id="114" type="1">
                <cx>-11.0</cx>
                <cy>9.0</cy>
            </node>
            <node id="115" type="1">
                <cx>-11.0</cx>
                <cy>7.0</cy>
            </node>
            <node id="116" type="1">
                <cx>-11.0</cx>
                <cy>5.0</cy>
            </node>
            <node id="117" type="1">
                <cx>-11.0</cx>
                <cy>3.0</cy>
            </node>
            <node id="118" type="1">
                <cx>-11.0</cx>
                <cy>1.0</cy>
            </node>
            <node id="119" type="1">
                <cx>-11.0</cx>
                <cy>-1.0</cy>
            </node>
            <node id="120" type="1">
                <cx>-11.0</cx>
                <cy>-3.0</cy>
            </node>
            <node id="121" type="1">
                <cx>-11.0</cx>
                <cy>-5.0</cy>
            </node>
            <node id="122" type="1">
                <cx>-11.0</cx>
                <cy>-7.0</cy>
            </node>
            <node id="123" type="1">
                <cx>-11.0</cx>
                <cy>-9.0</cy>
            </node>
            <node id="124" type="1">
                <cx>-11.0</cx>
                <cy>-11.0</cy>
            </node>
            <node id="125" type="1">
                <cx>-9.0</cx>
                <cy>-11.0</cy>
            </node>
            <node id="126" type="1">
                <cx>-7.0</cx>
                <cy>-11.0</cy>
            </node>
            <node id="127" type="1">
                <cx>-5.0</cx>
                <cy>-11.0</cy>
            </node>
            <node id="128" type="1">
                <cx>-3.0</cx>
                <cy>-11.0</cy>
            </node>
            <node id="129" type="1">
                <cx>-1.0</cx>
                <cy>-11.0</cy>
            </node>
            <node id="130" type="1">
                <cx>1.0</cx>
                <cy>-11.0</cy>
            </node>
            <node id="131" type="1">
                <cx>3.0</cx>
                <cy>-11.0</cy>
            </node>
            <node id="132" type="1">
                <cx>5.0</cx>
                <cy>-11.0</cy>
            </node>
            <node id="133" type="1">
                <cx>7.0</cx>
                <cy>-11.0</cy>
            </node>
            <node id="134" type="1">
                <cx>9.0</cx>
                <cy>-11.0</cy>
            </node>
            <node id="135" type="1">
                <cx>11.0</cx>
                <cy>-11.0</cy>
            </node>
            <node id="136" type="1">
                <cx>11.0</cx>
                <cy>-9.0</cy>
            </node>
            <node id="137" type="1">
                <cx>11.0</cx>
                <cy>-7.0</cy>
            </node>
            <node id="138" type="1">
                <cx>11.0</cx>
                <cy>-5.0</cy>
            </node>
            <node id="139" type="1">
                <cx>11.0</cx>
                <cy>-3.0</cy>
            </node>
            <node id="140" type="1">
                <cx>11.0</cx>
                <cy>-1.0</cy>
            </node>
            <node id="141" type="1">
                <cx>13.0</cx>
                <cy>1.0</cy>
            </node>
            <node id="142" type="1">
                <cx>13.0</cx>
                <cy>3.0</cy>
            </node>
            <node id="143" type="1">
                <cx>13.0</cx>
                <cy>5.0</cy>
            </node>
            <node id="144" type="1">
                <cx>13.0</cx>
                <cy>7.0</cy>
            </node>
            <node id="145" type="1">
                <cx>13.0</cx>
                <cy>9.0</cy>
            </node>
            <node id="146" type="1">
                <cx>13.0</cx>
                <cy>11.0</cy>
            </node>
            <node id="147" type="1">
                <cx>13.0</cx>
                <cy>13.0</cy>
            </node>
            <node id="148" type="1">
                <cx>11.0</cx>
                <cy>13.0</cy>
            </node>
            <node id="149" type="1">
                <cx>9.0</cx>
                <cy>13.0</cy>
            </node>
            <node id="150" type="1">
                <cx>7.0</cx>
                <cy>13.0</cy>
            </node>
            <node id="151" type="1">
                <cx>5.0</cx>
                <cy>13.0</cy>
            </node>
            <node id="152" type="1">
                <cx>3.0</cx>
                <cy>13.0</cy>
            </node>
            <node id="153" type="1">
                <cx>1.0</cx>
                <cy>13.0</cy>
            </node>
            <node id="154" type="1">
                <cx>-1.0</cx>
                <cy>13.0</cy>
            </node>
            <node id="155" type="1">
                <cx>-3.0</cx>
                <cy>13.0</cy>
            </node>
            <node id="156" type="1">
                <cx>-5.0</cx>
                <cy>13.0</cy>
            </node>
            <node id="157" type="1">
                <cx>-7.0</cx>
                <cy>13.0</cy>
            </node>
            <node id="158" type="1">
                <cx>-9.0</cx>
                <cy>13.0</cy>
            </node>
            <node id="159" type="1">
                <cx>-11.0</cx>
                <cy>13.0</cy>
            </node>
            <node id="160" type="1">
                <cx>-13.0</cx>
                <cy>13.0</cy>
            </node>
            <node id="161" type="1">
                <cx>-13.0</cx>
                <cy>11.0</cy>
            </node>
            <node id="162" type="1">
                <cx>-13.0</cx>
                <cy>9.0</cy>
            </node>
            <node id="163" type="1">
                <cx>-13.0</cx>
                <cy>7.0</cy>
            </node>
            <node id="164" type="1">
                <cx>-13.0</cx>
                <cy>5.0</cy>
            </node>
            <node id="165" type="1">
                <cx>-13.0</cx>
                <cy>3.0</cy>
            </node>
            <node id="166" type="1">
                <cx>-13.0</cx>
                <cy>1.0</cy>
            </node>
            <node id="167" type="1">
                <cx>-13.0</cx>
                <cy>-1.0</cy>
            </node>
            <node id="168" type="1">
                <cx>-13.0</cx>
                <cy>-3.0</cy>
            </node>
            <node id="169" type="1">
                <cx>-13.0</cx>
                <cy>-5.0</cy>
            </node>
            <node id="170" type="1">
                <cx>-13.0</cx>
                <cy>-7.0</cy>
            </node>
            <node id="171" type="1">
                <cx>-13.0</cx>
                <cy>-9.0</cy>
            </node>
            <node id="172" type="1">
                <cx>-13.0</cx>
                <cy>-11.0</cy>
            </node>
            <node id="173" type="1">
                <cx>-13.0</cx>
                <cy>-13.0</cy>
            </node>
            <node id="174" type="1">
                <cx>-11.0</cx>
                <cy>-13.0</cy>
            </node>
            <node id="175" type="1">
                <cx>-9.0</cx>
                <cy>-13.0</cy>
            </node>
            <node id="176" type="1">
                <cx>-7.0</cx>
                <cy>-13.0</cy>
            </node>
            <node id="177" type="1">
                <cx>-5.0</cx>
                <cy>-13.0</cy>
            </node>
            <node id="178" type="1">
                <cx>-3.0</cx>
                <cy>-13.0</cy>
            </node>
            <node id="179" type="1">
                <cx>-1.0</cx>
                <cy>-13.0</cy>
            </node>
            <node id="180" type="1">
                <cx>1.0</cx>
                <cy>-13.0</cy>
            </node>
            <node id="181" type="1">
                <cx>3.0</cx>
                <cy>-13.0</cy>
            </node>
            <node id="182" type="1">
                <cx>5.0</cx>
                <cy>-13.0</cy>
            </node>
            <node id="183" type="1">
                <cx>7.0</cx>
                <cy>-13.0</cy>
            </node>
            <node id="184" type="1">
                <cx>9.0</cx>
                <cy>-13.0</cy>
            </node>
            <node id="185" type="1">
                <cx>11.0</cx>
                <cy>-13.0</cy>
            </node>
            <node id="186" type="1">
                <cx>13.0</cx>
                <cy>-13.0</cy>
            </node>
            <node id="187" type="1">
                <cx>13.0</cx>
                <cy>-11.0</cy>
            </node>
            <node id="188" type="1">
                <cx>13.0</cx>
                <cy>-9.0</cy>
            </node>
            <node id="189" type="1">
                <cx>13.0</cx>
                <cy>-7.0</cy>
            </node>
            <node id="190" type="1">
                <cx>13.0</cx>
                <cy>-5.0</cy>
            </node>
            <node id="191" type="1">
                <cx>13.0</cx>
                <cy>-3.0</cy>
            </node>
            <node id="192" type="1">
                <cx>13.0</cx>
                <cy>-1.0</cy>
            </node>
            <node id="193" type="1">
                <cx>15.0</cx>
                <cy>1.0</cy>
            </node>
            <node id="194" type="1">
                <cx>15.0</cx>
                <cy>3.0</cy>
            </node>
            <node id="195" type="1">
                <cx>15.0</cx>
                <cy>5.0</cy>
            </node>
            <node id="196" type="1">
                <cx>15.0</cx>
                <cy>7.0</cy>
            </node>
            <node id="197" type="1">
                <cx>15.0</cx>
                <cy>9.0</cy>
            </node>
            <node id="198" type="1">
                <cx>15.0</cx>
                <cy>11.0</cy>
            </node>
            <node id="199" type="1">
                <cx>15.0</cx>
                <cy>13.0</cy>
            </node>
            <node id="200" type="1">
                <cx>15.0</cx>
                <cy>15.0</cy>
            </node>
            <node id="201" type="1">
                <cx>13.0</cx>
                <cy>15.0</cy>
            </node>
            <node id="202" type="1">
                <cx>11.0</cx>
                <cy>15.0</cy>
            </node>
            <node id="203" type="1">
                <cx>9.0</cx>
                <cy>15.0</cy>
            </node>
            <node id="204" type="1">
                <cx>7.0</cx>
                <cy>15.0</cy>
            </node>
            <node id="205" type="1">
                <cx>5.0</cx>
                <cy>15.0</cy>
            </node>
            <node id="206" type="1">
                <cx>3.0</cx>
                <cy>15.0</cy>
            </node>
            <node id="207" type="1">
                <cx>1.0</cx>
                <cy>15.0</cy>
            </node>
            <node id="208" type="1">
                <cx>-1.0</cx>
                <cy>15.0</cy>
            </node>
            <node id="209" type="1">
                <cx>-3.0</cx>
                <cy>15.0</cy>
            </node>
            <node id="210" type="1">
                <cx>-5.0</cx>
                <cy>15.0</cy>
            </node>
            <node id="211" type="1">
                <cx>-7.0</cx>
                <cy>15.0</cy>
            </node>
            <node id="212" type="1">
                <cx>-9.0</cx>
                <cy>15.0</cy>
            </node>
            <node id="213" type="1">
                <cx>-11.0</cx>
                <cy>15.0</cy>
            </node>
            <node id="214" type="1">
                <cx>-13.0</cx>
                <cy>15.0</cy>
            </node>
            <node id="215" type="1">
                <cx>-15.0</cx>
                <cy>15.0</cy>
            </node>
            <node id="216" type="1">
                <cx>-15.0</cx>
                <cy>13.0</cy>
            </node>
            <node id="217" type="1">
                <cx>-15.0</cx>
                <cy>11.0</cy>
            </node>
            <node id="218" type="1">
                <cx>-15.0</cx>
                <cy>9.0</cy>
            </node>
            <node id="219" type="1">
                <cx>-15.0</cx>
                <cy>7.0</cy>
            </node>
            <node id="220" type="1">
                <cx>-15.0</cx>
                <cy>5.0</cy>
            </node>
            <node id="221" type="1">
                <cx>-15.0</cx>
                <cy>3.0</cy>
            </node>
            <node id="222" type="1">
                <cx>-15.0</cx>
                <cy>1.0</cy>
            </node>
            <node id="223" type="1">
                <cx>-15.0</cx>
                <cy>-1.0</cy>
            </node>
            <node id="224" type="1">
                <cx>-15.0</cx>
                <cy>-3.0</cy>
            </node>
            <node id="225" type="1">
                <cx>-15.0</cx>
                <cy>-5.0</cy>
            </node>
            <node id="226" type="1">
                <cx>-15.0</cx>
                <cy>-7.0</cy>
            </node>
            <node id="227" type="1">
                <cx>-15.0</cx>
                <cy>-9.0</cy>
            </node>
            <node id="228" type="1">
                <cx>-15.0</cx>
                <cy>-11.0</cy>
            </node>
            <node id="229" type="1">
                <cx>-15.0</cx>
                <cy>-13.0</cy>
            </node>
            <node id="230" type="1">
                <cx>-15.0</cx>
                <cy>-15.0</cy>
            </node>
            <node id="231" type="1">
                <cx>-13.0</cx>
                <cy>-15.0</cy>
            </node>
            <node id="232" type="1">
                <cx>-11.0</cx>
                <cy>-15.0</cy>
            </node>
            <node id="233" type="1">
                <cx>-9.0</cx>
                <cy>-15.0</cy>
            </node>
            <node id="234" type="1">
                <cx>-7.0</cx>
                <cy>-15.0</cy>
            </node>
            <node id="235" type="1">
                <cx>-5.0</cx>
                <cy>-15.0</cy>
            </node>
            <node id="236" type="1">
                <cx>-3.0</cx>
                <cy>-15.0</cy>
            </node>
            <node id="237" type="1">
                <cx>-1.0</cx>
                <cy>-15.0</cy>
            </node>
            <node id="238" type="1">
                <cx>1.0</cx>
                <cy>-15.0</cy>
            </node>
            <node id="239" type="1">
                <cx>3.0</cx>
                <cy>-15.0</cy>
            </node>
            <node id="240" type="1">
                <cx>5.0</cx>
                <cy>-15.0</cy>
            </node>
            <node id="241" type="1">
                <cx>7.0</cx>
                <cy>-15.0</cy>
            </node>
            <node id="242" type="1">
                <cx>9.0</cx>
                <cy>-15.0</cy>
            </node>
            <node id="243" type="1">
                <cx>11.0</cx>
                <cy>-15.0</cy>
            </node>
            <node id="244" type="1">
                <cx>13.0</cx>
                <cy>-15.0</cy>
            </node>
            <node id="245" type="1">
                <cx>15.0</cx>
                <cy>-15.0</cy>
            </node>
            <node id="246" type="1">
                <cx>15.0</cx>
                <cy>-13.0</cy>
            </node>
            <node id="247" type="1">
                <cx>15.0</cx>
                <cy>-11.0</cy>
            </node>
            <node id="248" type="1">
                <cx>15.0</cx>
                <cy>-9.0</cy>
            </node>
            <node id="249" type="1">
                <cx>15.0</cx>
                <cy>-7.0</cy>
            </node>
            <node id="250" type="1">
                <cx>15.0</cx>
                <cy>-5.0</cy>
            </node>
            <node id="251" type="1">
                <cx>15.0</cx>
                <cy>-3.0</cy>
            </node>
            <node id="252" type="1">
                <cx>15.0</cx>
                <cy>-1.0</cy>
            </node>
            <node id="253" type="1">
                <cx>17.0</cx>
                <cy>1.0</cy>
            </node>
            <node id="254" type="1">
                <cx>17.0</cx>
                <cy>3.0</cy>
            </node>
            <node id="255" type="1">
                <cx>17.0</cx>
                <cy>5.0</cy>
            </node>
            <node id="256" type="1">
                <cx>17.0</cx>
                <cy>7.0</cy>
            </node>
            <node id="257" type="1">
                <cx>17.0</cx>
                <cy>9.0</cy>
            </node>
            <node id="258" type="1">
                <cx>17.0</cx>
                <cy>11.0</cy>
            </node>
            <node id="259" type="1">
                <cx>17.0</cx>
                <cy>13.0</cy>
            </node>
            <node id="260" type="1">
                <cx>17.0</cx>
                <cy>15.0</cy>
            </node>
            <node id="261" type="1">
                <cx>17.0</cx>
                <cy>17.0</cy>
            </node>
            <node id="262" type="1">
                <cx>15.0</cx>
                <cy>17.0</cy>
            </node>
            <node id="263" type="1">
                <cx>13.0</cx>
                <cy>17.0</cy>
            </node>
            <node id="264" type="1">
                <cx>11.0</cx>
                <cy>17.0</cy>
            </node>
            <node id="265" type="1">
                <cx>9.0</cx>
                <cy>17.0</cy>
            </node>
            <node id="266" type="1">
                <cx>7.0</cx>
                <cy>17.0</cy>
            </node>
            <node id="267" type="1">
                <cx>5.0</cx>
                <cy>17.0</cy>
            </node>
            <node id="268" type="1">
                <cx>3.0</cx>
                <cy>17.0</cy>
            </node>
            <node id="269" type="1">
                <cx>1.0</cx>
                <cy>17.0</cy>
            </node>
            <node id="270" type="1">
                <cx>-1.0</cx>
                <cy>17.0</cy>
            </node>
            <node id="271" type="1">
                <cx>-3.0</cx>
                <cy>17.0</cy>
            </node>
            <node id="272" type="1">
                <cx>-5.0</cx>
                <cy>17.0</cy>
            </node>
            <node id="273" type="1">
                <cx>-7.0</cx>
                <cy>17.0</cy>
            </node>
            <node id="274" type="1">
                <cx>-9.0</cx>
                <cy>17.0</cy>
            </node>
            <node id="275" type="1">
                <cx>-11.0</cx>
                <cy>17.0</cy>
            </node>
            <node id="276" type="1">
                <cx>-13.0</cx>
                <cy>17.0</cy>
            </node>
            <node id="277" type="1">
                <cx>-15.0</cx>
                <cy>17.0</cy>
            </node>
            <node id="278" type="1">
                <cx>-17.0</cx>
                <cy>17.0</cy>
            </node>
            <node id="279" type="1">
                <cx>-17.0</cx>
                <cy>15.0</cy>
            </node>
            <node id="280" type="1">
                <cx>-17.0</cx>
                <cy>13.0</cy>
            </node>
            <node id="281" type="1">
                <cx>-17.0</cx>
                <cy>11.0</cy>
            </node>
            <node id="282" type="1">
                <cx>-17.0</cx>
                <cy>9.0</cy>
            </node>
            <node id="283" type="1">
                <cx>-17.0</cx>
                <cy>7.0</cy>
            </node>
            <node id="284" type="1">
                <cx>-17.0</cx>
                <cy>5.0</cy>
            </node>
            <node id="285" type="1">
                <cx>-17.0</cx>
                <cy>3.0</cy>
            </node>
            <node id="286" type="1">
                <cx>-17.0</cx>
                <cy>1.0</cy>
            </node>
            <node id="287" type="1">
                <cx>-17.0</cx>
                <cy>-1.0</cy>
            </node>
            <node id="288" type="1">
                <cx>-17.0</cx>
                <cy>-3.0</cy>
            </node>
            <node id="289" type="1">
                <cx>-17.0</cx>
                <cy>-5.0</cy>
            </node>
            <node id="290" type="1">
                <cx>-17.0</cx>
                <cy>-7.0</cy>
            </node>
            <node id="291" type="1">
                <cx>-17.0</cx>
                <cy>-9.0</cy>
            </node>
            <node id="292" type="1">
                <cx>-17.0</cx>
                <cy>-11.0</cy>
            </node>
            <node id="293" type="1">
                <cx>-17.0</cx>
                <cy>-13.0</cy>
            </node>
            <node id="294" type="1">
                <cx>-17.0</cx>
                <cy>-15.0</cy>
            </node>
            <node id="295" type="1">
                <cx>-17.0</cx>
                <cy>-17.0</cy>
            </node>
            <node id="296" type="1">
                <cx>-15.0</cx>
                <cy>-17.0</cy>
            </node>
            <node id="297" type="1">
                <cx>-13.0</cx>
                <cy>-17.0</cy>
            </node>
            <node id="298" type="1">
                <cx>-11.0</cx>
                <cy>-17.0</cy>
            </node>
            <node id="299" type="1">
                <cx>-9.0</cx>
                <cy>-17.0</cy>
            </node>
            <node id="300" type="1">
                <cx>-7.0</cx>
                <cy>-17.0</cy>
            </node>
            <node id="301" type="1">
                <cx>-5.0</cx>
                <cy>-17.0</cy>
            </node>
            <node id="302" type="1">
                <cx>-3.0</cx>
                <cy>-17.0</cy>
            </node>
            <node id="303" type="1">
                <cx>-1.0</cx>
                <cy>-17.0</cy>
            </node>
            <node id="304" type="1">
                <cx>1.0</cx>
                <cy>-17.0</cy>
            </node>
            <node id="305" type="1">
                <cx>3.0</cx>
                <cy>-17.0</cy>
            </node>
            <node id="306" type="1">
                <cx>5.0</cx>
                <cy>-17.0</cy>
            </node>
            <node id="307" type="1">
                <cx>7.0</cx>
                <cy>-17.0</cy>
            </node>
            <node id="308" type="1">
                <cx>9.0</cx>
                <cy>-17.0</cy>
            </node>
            <node id="309" type="1">
                <cx>11.0</cx>
                <cy>-17.0</cy>
            </node>
            <node id="310" type="1">
                <cx>13.0</cx>
                <cy>-17.0</cy>
            </node>
            <node id="311" type="1">
                <cx>15.0</cx>
                <cy>-17.0</cy>
            </node>
            <node id="312" type="1">
                <cx>17.0</cx>
                <cy>-17.0</cy>
            </node>
            <node id="313" type="1">
                <cx>17.0</cx>
                <cy>-15.0</cy>
            </node>
            <node id="314" type="1">
                <cx>17.0</cx>
                <cy>-13.0</cy>
            </node>
            <node id="315" type="1">
                <cx>17.0</cx>
                <cy>-11.0</cy>
            </node>
            <node id="316" type="1">
                <cx>17.0</cx>
                <cy>-9.0</cy>
            </node>
            <node id="317" type="1">
                <cx>17.0</cx>
                <cy>-7.0</cy>
            </node>
            <node id="318" type="1">
                <cx>17.0</cx>
                <cy>-5.0</cy>
            </node>
            <node id="319" type="1">
                <cx>17.0</cx>
                <cy>-3.0</cy>
            </node>
            <node id="320" type="1">
                <cx>17.0</cx>
                <cy>-1.0</cy>
            </node>
            <node id="321" type="1">
                <cx>19.0</cx>
                <cy>1.0</cy>
            </node>
            <node id="322" type="1">
                <cx>19.0</cx>
                <cy>3.0</cy>
            </node>
            <node id="323" type="1">
                <cx>19.0</cx>
                <cy>5.0</cy>
            </node>
            <node id="324" type="1">
                <cx>19.0</cx>
                <cy>7.0</cy>
            </node>
            <node id="325" type="1">
                <cx>19.0</cx>
                <cy>9.0</cy>
            </node>
            <node id="326" type="1">
                <cx>19.0</cx>
                <cy>11.0</cy>
            </node>
            <node id="327" type="1">
                <cx>19.0</cx>
                <cy>13.0</cy>
            </node>
            <node id="328" type="1">
                <cx>19.0</cx>
                <cy>15.0</cy>
            </node>
            <node id="329" type="1">
                <cx>19.0</cx>
                <cy>17.0</cy>
            </node>
            <node id="330" type="1">
                <cx>19.0</cx>
                <cy>19.0</cy>
            </node>
            <node id="331" type="1">
                <cx>17.0</cx>
                <cy>19.0</cy>
            </node>
            <node id="332" type="1">
                <cx>15.0</cx>
                <cy>19.0</cy>
            </node>
            <node id="333" type="1">
                <cx>13.0</cx>
                <cy>19.0</cy>
            </node>
            <node id="334" type="1">
                <cx>11.0</cx>
                <cy>19.0</cy>
            </node>
            <node id="335" type="1">
                <cx>9.0</cx>
                <cy>19.0</cy>
            </node>
            <node id="336" type="1">
                <cx>7.0</cx>
                <cy>19.0</cy>
            </node>
            <node id="337" type="1">
                <cx>5.0</cx>
                <cy>19.0</cy>
            </node>
            <node id="338" type="1">
                <cx>3.0</cx>
                <cy>19.0</cy>
            </node>
            <node id="339" type="1">
                <cx>1.0</cx>
                <cy>19.0</cy>
            </node>
            <node id="340" type="1">
                <cx>-1.0</cx>
                <cy>19.0</cy>
            </node>
            <node id="341" type="1">
                <cx>-3.0</cx>
                <cy>19.0</cy>
            </node>
            <node id="342" type="1">
                <cx>-5.0</cx>
                <cy>19.0</cy>
            </node>
            <node id="343" type="1">
                <cx>-7.0</cx>
                <cy>19.0</cy>
            </node>
            <node id="344" type="1">
                <cx>-9.0</cx>
                <cy>19.0</cy>
            </node>
            <node id="345" type="1">
                <cx>-11.0</cx>
                <cy>19.0</cy>
            </node>
            <node id="346" type="1">
                <cx>-13.0</cx>
                <cy>19.0</cy>
            </node>
            <node id="347" type="1">
                <cx>-15.0</cx>
                <cy>19.0</cy>
            </node>
            <node id="348" type="1">
                <cx>-17.0</cx>
                <cy>19.0</cy>
            </node>
            <node id="349" type="1">
                <cx>-19.0</cx>
                <cy>19.0</cy>
            </node>
            <node id="350" type="1">
                <cx>-19.0</cx>
                <cy>17.0</cy>
            </node>
            <node id="351" type="1">
                <cx>-19.0</cx>
                <cy>15.0</cy>
            </node>
            <node id="352" type="1">
                <cx>-19.0</cx>
                <cy>13.0</cy>
            </node>
            <node id="353" type="1">
                <cx>-19.0</cx>
                <cy>11.0</cy>
            </node>
            <node id="354" type="1">
                <cx>-19.0</cx>
                <cy>9.0</cy>
            </node>
            <node id="355" type="1">
                <cx>-19.0</cx>
                <cy>7.0</cy>
            </node>
            <node id="356" type="1">
                <cx>-19.0</cx>
                <cy>5.0</cy>
            </node>
            <node id="357" type="1">
                <cx>-19.0</cx>
                <cy>3.0</cy>
            </node>
            <node id="358" type="1">
                <cx>-19.0</cx>
                <cy>1.0</cy>
            </node>
            <node id="359" type="1">
                <cx>-19.0</cx>
                <cy>-1.0</cy>
            </node>
            <node id="360" type="1">
                <cx>-19.0</cx>
                <cy>-3.0</cy>
            </node>
            <node id="361" type="1">
                <cx>-19.0</cx>
                <cy>-5.0</cy>
            </node>
            <node id="362" type="1">
                <cx>-19.0</cx>
                <cy>-7.0</cy>
            </node>
            <node id="363" type="1">
                <cx>-19.0</cx>
                <cy>-9.0</cy>
            </node>
            <node id="364" type="1">
                <cx>-19.0</cx>
                <cy>-11.0</cy>
            </node>
            <node id="365" type="1">
                <cx>-19.0</cx>
                <cy>-13.0</cy>
            </node>
            <node id="366" type="1">
                <cx>-19.0</cx>
                <cy>-15.0</cy>
            </node>
            <node id="367" type="1">
                <cx>-19.0</cx>
                <cy>-17.0</cy>
            </node>
            <node id="368" type="1">
                <cx>-19.0</cx>
                <cy>-19.0</cy>
            </node>
            <node id="369" type="1">
                <cx>-17.0</cx>
                <cy>-19.0</cy>
            </node>
            <node id="370" type="1">
                <cx>-15.0</cx>
                <cy>-19.0</cy>
            </node>
            <node id="371" type="1">
                <cx>-13.0</cx>
                <cy>-19.0</cy>
            </node>
            <node id="372" type="1">
                <cx>-11.0</cx>
                <cy>-19.0</cy>
            </node>
            <node id="373" type="1">
                <cx>-9.0</cx>
                <cy>-19.0</cy>
            </node>
            <node id="374" type="1">
                <cx>-7.0</cx>
                <cy>-19.0</cy>
            </node>
            <node id="375" type="1">
                <cx>-5.0</cx>
                <cy>-19.0</cy>
            </node>
            <node id="376" type="1">
                <cx>-3.0</cx>
                <cy>-19.0</cy>
            </node>
            <node id="377" type="1">
                <cx>-1.0</cx>
                <cy>-19.0</cy>
            </node>
            <node id="378" type="1">
                <cx>1.0</cx>
                <cy>-19.0</cy>
            </node>
            <node id="379" type="1">
                <cx>3.0</cx>
                <cy>-19.0</cy>
            </node>
            <node id="380" type="1">
                <cx>5.0</cx>
                <cy>-19.0</cy>
            </node>
            <node id="381" type="1">
                <cx>7.0</cx>
                <cy>-19.0</cy>
            </node>
            <node id="382" type="1">
                <cx>9.0</cx>
                <cy>-19.0</cy>
            </node>
            <node id="383" type="1">
                <cx>11.0</cx>
                <cy>-19.0</cy>
            </node>
            <node id="384" type="1">
                <cx>13.0</cx>
                <cy>-19.0</cy>
            </node>
            <node id="385" type="1">
                <cx>15.0</cx>
                <cy>-19.0</cy>
            </node>
            <node id="386" type="1">
                <cx>17.0</cx>
                <cy>-19.0</cy>
            </node>
            <node id="387" type="1">
                <cx>19.0</cx>
                <cy>-19.0</cy>
            </node>
            <node id="388" type="1">
                <cx>19.0</cx>
                <cy>-17.0</cy>
            </node>
            <node id="389" type="1">
                <cx>19.0</cx>
                <cy>-15.0</cy>
            </node>
            <node id="390" type="1">
                <cx>19.0</cx>
                <cy>-13.0</cy>
            </node>
            <node id="391" type="1">
                <cx>19.0</cx>
                <cy>-11.0</cy>
            </node>
            <node id="392" type="1">
                <cx>19.0</cx>
                <cy>-9.0</cy>
            </node>
            <node id="393" type="1">
                <cx>19.0</cx>
                <cy>-7.0</cy>
            </node>
            <node id="394" type="1">
                <cx>19.0</cx>
                <cy>-5.0</cy>
            </node>
            <node id="395" type="1">
                <cx>19.0</cx>
                <cy>-3.0</cy>
            </node>
            <node id="396" type="1">
                <cx>19.0</cx>
                <cy>-1.0</cy>
            </node>
            <node id="397" type="0">
                <cx>0.0</cx>
                <cy>0.0</cy>
            </node>
        </nodes>
        <euclidean/>
        <decimals>0</decimals>
    </network>
    <fleet>
        <vehicle_profile type="0">
            <departure_node>397</departure_node>
            <arrival_node>397</arrival_node>
            <capacity>1000.0</capacity>
        </vehicle_profile>
    </fleet>
    <requests>
        <request id="0" node="1">
            <quantity>300.0</quantity>
        </request>
        <request id="1" node="2">
            <quantity>300.0</quantity>
        </request>
        <request id="2" node="3">
            <quantity>300.0</quantity>
        </request>
        <request id="3" node="4">
            <quantity>300.0</quantity>
        </request>
        <request id="4" node="5">
            <quantity>300.0</quantity>
        </request>
        <request id="5" node="6">
            <quantity>300.0</quantity>
        </request>
        <request id="6" node="7">
            <quantity>300.0</quantity>
        </request>
        <request id="7" node="8">
            <quantity>300.0</quantity>
        </request>
        <request id="8" node="9">
            <quantity>300.0</quantity>
        </request>
        <request id="9" node="10">
            <quantity>300.0</quantity>
        </request>
        <request id="10" node="11">
            <quantity>300.0</quantity>
        </request>
        <request id="11" node="12">
            <quantity>300.0</quantity>
        </request>
        <request id="12" node="13">
            <quantity>180.0</quantity>
        </request>
        <request id="13" node="14">
            <quantity>180.0</quantity>
        </request>
        <request id="14" node="15">
            <quantity>180.0</quantity>
        </request>
        <request id="15" node="16">
            <quantity>180.0</quantity>
        </request>
        <request id="16" node="17">
            <quantity>180.0</quantity>
        </request>
        <request id="17" node="18">
            <quantity>180.0</quantity>
        </request>
        <request id="18" node="19">
            <quantity>180.0</quantity>
        </request>
        <request id="19" node="20">
            <quantity>180.0</quantity>
        </request>
        <request id="20" node="21">
            <quantity>180.0</quantity>
        </request>
        <request id="21" node="22">
            <quantity>180.0</quantity>
        </request>
        <request id="22" node="23">
            <quantity>180.0</quantity>
        </request>
        <request id="23" node="24">
            <quantity>180.0</quantity>
        </request>
        <request id="24" node="25">
            <quantity>180.0</quantity>
        </request>
        <request id="25" node="26">
            <quantity>180.0</quantity>
        </request>
        <request id="26" node="27">
            <quantity>180.0</quantity>
        </request>
        <request id="27" node="28">
            <quantity>180.0</quantity>
        </request>
        <request id="28" node="29">
            <quantity>180.0</quantity>
        </request>
        <request id="29" node="30">
            <quantity>180.0</quantity>
        </request>
        <request id="30" node="31">
            <quantity>180.0</quantity>
        </request>
        <request id="31" node="32">
            <quantity>180.0</quantity>
        </request>
        <request id="32" node="33">
            <quantity>128.0</quantity>
        </request>
        <request id="33" node="34">
            <quantity>128.0</quantity>
        </request>
        <request id="34" node="35">
            <quantity>128.0</quantity>
        </request>
        <request id="35" node="36">
            <quantity>128.0</quantity>
        </request>
        <request id="36" node="37">
            <quantity>128.0</quantity>
        </request>
        <request id="37" node="38">
            <quantity>128.0</quantity>
        </request>
        <request id="38" node="39">
            <quantity>128.0</quantity>
        </request>
        <request id="39" node="40">
            <quantity>128.0</quantity>
        </request>
        <request id="40" node="41">
            <quantity>128.0</quantity>
        </request>
        <request id="41" node="42">
            <quantity>128.0</quantity>
        </request>
        <request id="42" node="43">
            <quantity>128.0</quantity>
        </request>
        <request id="43" node="44">
            <quantity>128.0</quantity>
        </request>
        <request id="44" node="45">
            <quantity>128.0</quantity>
        </request>
        <request id="45" node="46">
            <quantity>128.0</quantity>
        </request>
        <request id="46" node="47">
            <quantity>128.0</quantity>
        </request>
        <request id="47" node="48">
            <quantity>128.0</quantity>
        </request>
        <request id="48" node="49">
            <quantity>128.0</quantity>
        </request>
        <request id="49" node="50">
            <quantity>128.0</quantity>
        </request>
        <request id="50" node="51">
            <quantity>128.0</quantity>
        </request>
        <request id="51" node="52">
            <quantity>128.0</quantity>
        </request>
        <request id="52" node="53">
            <quantity>128.0</quantity>
        </request>
        <request id="53" node="54">
            <quantity>128.0</quantity>
        </request>
        <request id="54" node="55">
            <quantity>128.0</quantity>
        </request>
        <request id="55" node="56">
            <quantity>128.0</quantity>
        </request>
        <request id="56" node="57">
            <quantity>128.0</quantity>
        </request>
        <request id="57" node="58">
            <quantity>128.0</quantity>
        </request>
        <request id="58" node="59">
            <quantity>128.0</quantity>
        </request>
        <request id="59" node="60">
            <quantity>128.0</quantity>
        </request>
        <request id="60" node="61">
            <quantity>100.0</quantity>
        </request>
        <request id="61" node="62">
            <quantity>100.0</quantity>
        </request>
        <request id="62" node="63">
            <quantity>100.0</quantity>
        </request>
        <request id="63" node="64">
            <quantity>100.0</quantity>
        </request>
        <request id="64" node="65">
            <quantity>100.0</quantity>
        </request>
        <request id="65" node="66">
            <quantity>100.0</quantity>
        </request>
        <request id="66" node="67">
            <quantity>100.0</quantity>
        </request>
        <request id="67" node="68">
            <quantity>100.0</quantity>
        </request>
        <request id="68" node="69">
            <quantity>100.0</quantity>
        </request>
        <request id="69" node="70">
            <quantity>100.0</quantity>
        </request>
        <request id="70" node="71">
            <quantity>100.0</quantity>
        </request>
        <request id="71" node="72">
            <quantity>100.0</quantity>
        </request>
        <request id="72" node="73">
            <quantity>100.0</quantity>
        </request>
        <request id="73" node="74">
            <quantity>100.0</quantity>
        </request>
        <request id="74" node="75">
            <quantity>100.0</quantity>
        </request>
        <request id="75" node="76">
            <quantity>100.0</quantity>
        </request>
        <request id="76" node="77">
            <quantity>100.0</quantity>
        </request>
        <request id="77" node="78">
            <quantity>100.0</quantity>
        </request>
        <request id="78" node="79">
            <quantity>100.0</quantity>
        </request>
        <request id="79" node="80">
            <quantity>100.0</quantity>
        </request>
        <request id="80" node="81">
            <quantity>100.0</quantity>
        </request>
        <request id="81" node="82">
            <quantity>100.0</quantity>
        </request>
        <request id="82" node="83">
            <quantity>100.0</quantity>
        </request>
        <request id="83" node="84">
            <quantity>100.0</quantity>
        </request>
        <request id="84" node="85">
            <quantity>100.0</quantity>
        </request>
        <request id="85" node="86">
            <quantity>100.0</quantity>
        </request>
        <request id="86" node="87">
            <quantity>100.0</quantity>
        </request>
        <request id="87" node="88">
            <quantity>100.0</quantity>
        </request>
        <request id="88" node="89">
            <quantity>100.0</quantity>
        </request>
        <request id="89" node="90">
            <quantity>100.0</quantity>
        </request>
        <request id="90" node="91">
            <quantity>100.0</quantity>
        </request>
        <request id="91" node="92">
            <quantity>100.0</quantity>
        </request>
        <request id="92" node="93">
            <quantity>100.0</quantity>
        </request>
        <request id="93" node="94">
            <quantity>100.0</quantity>
        </request>
        <request id="94" node="95">
            <quantity>100.0</quantity>
        </request>
        <request id="95" node="96">
            <quantity>100.0</quantity>
        </request>
        <request id="96" node="97">
            <quantity>81.0</quantity>
        </request>
        <request id="97" node="98">
            <quantity>81.0</quantity>
        </request>
        <request id="98" node="99">
            <quantity>81.0</quantity>
        </request>
        <request id="99" node="100">
            <quantity>81.0</quantity>
        </request>
        <request id="100" node="101">
            <quantity>81.0</quantity>
        </request>
        <request id="101" node="102">
            <quantity>81.0</quantity>
        </request>
        <request id="102" node="103">
            <quantity>81.0</quantity>
        </request>
        <request id="103" node="104">
            <quantity>81.0</quantity>
        </request>
        <request id="104" node="105">
            <quantity>81.0</quantity>
        </request>
        <request id="105" node="106">
            <quantity>81.0</quantity>
        </request>
        <request id="106" node="107">
            <quantity>81.0</quantity>
        </request>
        <request id="107" node="108">
            <quantity>81.0</quantity>
        </request>
        <request id="108" node="109">
            <quantity>81.0</quantity>
        </request>
        <request id="109" node="110">
            <quantity>81.0</quantity>
        </request>
        <request id="110" node="111">
            <quantity>81.0</quantity>
        </request>
        <request id="111" node="112">
            <quantity>81.0</quantity>
        </request>
        <request id="112" node="113">
            <quantity>81.0</quantity>
        </request>
        <request id="113" node="114">
            <quantity>81.0</quantity>
        </request>
        <request id="114" node="115">
            <quantity>81.0</quantity>
        </request>
        <request id="115" node="116">
            <quantity>81.0</quantity>
        </request>
        <request id="116" node="117">
            <quantity>81.0</quantity>
        </request>
        <request id="117" node="118">
            <quantity>81.0</quantity>
        </request>
        <request id="118" node="119">
            <quantity>81.0</quantity>
        </request>
        <request id="119" node="120">
            <quantity>81.0</quantity>
        </request>
        <request id="120" node="121">
            <quantity>81.0</quantity>
        </request>
        <request id="121" node="122">
            <quantity>81.0</quantity>
        </request>
        <request id="122" node="123">
            <quantity>81.0</quantity>
        </request>
        <request id="123" node="124">
            <quantity>81.0</quantity>
        </request>
        <request id="124" node="125">
            <quantity>81.0</quantity>
        </request>
        <request id="125" node="126">
            <quantity>81.0</quantity>
        </request>
        <request id="126" node="127">
            <quantity>81.0</quantity>
        </request>
        <request id="127" node="128">
            <quantity>81.0</quantity>
        </request>
        <request id="128" node="129">
            <quantity>81.0</quantity>
        </request>
        <request id="129" node="130">
            <quantity>81.0</quantity>
        </request>
        <request id="130" node="131">
            <quantity>81.0</quantity>
        </request>
        <request id="131" node="132">
            <quantity>81.0</quantity>
        </request>
        <request id="132" node="133">
            <quantity>81.0</quantity>
        </request>
        <request id="133" node="134">
            <quantity>81.0</quantity>
        </request>
        <request id="134" node="135">
            <quantity>81.0</quantity>
        </request>
        <request id="135" node="136">
            <quantity>81.0</quantity>
        </request>
        <request id="136" node="137">
            <quantity>81.0</quantity>
        </request>
        <request id="137" node="138">
            <quantity>81.0</quantity>
        </request>
        <request id="138" node="139">
            <quantity>81.0</quantity>
        </request>
        <request id="139" node="140">
            <quantity>81.0</quantity>
        </request>
        <request id="140" node="141">
            <quantity>69.0</quantity>
        </request>
        <request id="141" node="142">
            <quantity>69.0</quantity>
        </request>
        <request id="142" node="143">
            <quantity>69.0</quantity>
        </request>
        <request id="143" node="144">
            <quantity>69.0</quantity>
        </request>
        <request id="144" node="145">
            <quantity>69.0</quantity>
        </request>
        <request id="145" node="146">
            <quantity>69.0</quantity>
        </request>
        <request id="146" node="147">
            <quantity>69.0</quantity>
        </request>
        <request id="147" node="148">
            <quantity>69.0</quantity>
        </request>
        <request id="148" node="149">
            <quantity>69.0</quantity>
        </request>
        <request id="149" node="150">
            <quantity>69.0</quantity>
        </request>
        <request id="150" node="151">
            <quantity>69.0</quantity>
        </request>
        <request id="151" node="152">
            <quantity>69.0</quantity>
        </request>
        <request id="152" node="153">
            <quantity>69.0</quantity>
        </request>
        <request id="153" node="154">
            <quantity>69.0</quantity>
        </request>
        <request id="154" node="155">
            <quantity>69.0</quantity>
        </request>
        <request id="155" node="156">
            <quantity>69.0</quantity>
        </request>
        <request id="156" node="157">
            <quantity>69.0</quantity>
        </request>
        <request id="157" node="158">
            <quantity>69.0</quantity>
        </request>
        <request id="158" node="159">
            <quantity>69.0</quantity>
        </request>
        <request id="159" node="160">
            <quantity>69.0</quantity>
        </request>
        <request id="160" node="161">
            <quantity>69.0</quantity>
        </request>
        <request id="161" node="162">
            <quantity>69.0</quantity>
        </request>
        <request id="162" node="163">
            <quantity>69.0</quantity>
        </request>
        <request id="163" node="164">
            <quantity>69.0</quantity>
        </request>
        <request id="164" node="165">
            <quantity>69.0</quantity>
        </request>
        <request id="165" node="166">
            <quantity>69.0</quantity>
        </request>
        <request id="166" node="167">
            <quantity>69.0</quantity>
        </request>
        <request id="167" node="168">
            <quantity>69.0</quantity>
        </request>
        <request id="168" node="169">
            <quantity>69.0</quantity>
        </request>
        <request id="169" node="170">
            <quantity>69.0</quantity>
        </request>
        <request id="170" node="171">
            <quantity>69.0</quantity>
        </request>
        <request id="171" node="172">
            <quantity>69.0</quantity>
        </request>
        <request id="172" node="173">
            <quantity>69.0</quantity>
        </request>
        <request id="173" node="174">
            <quantity>69.0</quantity>
        </request>
        <request id="174" node="175">
            <quantity>69.0</quantity>
        </request>
        <request id="175" node="176">
            <quantity>69.0</quantity>
        </request>
        <request id="176" node="177">
            <quantity>69.0</quantity>
        </request>
        <request id="177" node="178">
            <quantity>69.0</quantity>
        </request>
        <request id="178" node="179">
            <quantity>69.0</quantity>
        </request>
        <request id="179" node="180">
            <quantity>69.0</quantity>
        </request>
        <request id="180" node="181">
            <quantity>69.0</quantity>
        </request>
        <request id="181" node="182">
            <quantity>69.0</quantity>
        </request>
        <request id="182" node="183">
            <quantity>69.0</quantity>
        </request>
        <request id="183" node="184">
            <quantity>69.0</quantity>
        </request>
        <request id="184" node="185">
            <quantity>69.0</quantity>
        </request>
        <request id="185" node="186">
            <quantity>69.0</quantity>
        </request>
        <request id="186" node="187">
            <quantity>69.0</quantity>
        </request>
        <request id="187" node="188">
            <quantity>69.0</quantity>
        </request>
        <request id="188" node="189">
            <quantity>69.0</quantity>
        </request>
        <request id="189" node="190">
            <quantity>69.0</quantity>
        </request>
        <request id="190" node="191">
            <quantity>69.0</quantity>
        </request>
        <request id="191" node="192">
            <quantity>69.0</quantity>
        </request>
        <request id="192" node="193">
            <quantity>60.0</quantity>
        </request>
        <request id="193" node="194">
            <quantity>60.0</quantity>
        </request>
        <request id="194" node="195">
            <quantity>60.0</quantity>
        </request>
        <request id="195" node="196">
            <quantity>60.0</quantity>
        </request>
        <request id="196" node="197">
            <quantity>60.0</quantity>
        </request>
        <request id="197" node="198">
            <quantity>60.0</quantity>
        </request>
        <request id="198" node="199">
            <quantity>60.0</quantity>
        </request>
        <request id="199" node="200">
            <quantity>60.0</quantity>
        </request>
        <request id="200" node="201">
            <quantity>60.0</quantity>
        </request>
        <request id="201" node="202">
            <quantity>60.0</quantity>
        </request>
        <request id="202" node="203">
            <quantity>60.0</quantity>
        </request>
        <request id="203" node="204">
            <quantity>60.0</quantity>
        </request>
        <request id="204" node="205">
            <quantity>60.0</quantity>
        </request>
        <request id="205" node="206">
            <quantity>60.0</quantity>
        </request>
        <request id="206" node="207">
            <quantity>60.0</quantity>
        </request>
        <request id="207" node="208">
            <quantity>60.0</quantity>
        </request>
        <request id="208" node="209">
            <quantity>60.0</quantity>
        </request>
        <request id="209" node="210">
            <quantity>60.0</quantity>
        </request>
        <request id="210" node="211">
            <quantity>60.0</quantity>
        </request>
        <request id="211" node="212">
            <quantity>60.0</quantity>
        </request>
        <request id="212" node="213">
            <quantity>60.0</quantity>
        </request>
        <request id="213" node="214">
            <quantity>60.0</quantity>
        </request>
        <request id="214" node="215">
            <quantity>60.0</quantity>
        </request>
        <request id="215" node="216">
            <quantity>60.0</quantity>
        </request>
        <request id="216" node="217">
            <quantity>60.0</quantity>
        </request>
        <request id="217" node="218">
            <quantity>60.0</quantity>
        </request>
        <request id="218" node="219">
            <quantity>60.0</quantity>
        </request>
        <request id="219" node="220">
            <quantity>60.0</quantity>
        </request>
        <request id="220" node="221">
            <quantity>60.0</quantity>
        </request>
        <request id="221" node="222">
            <quantity>60.0</quantity>
        </request>
        <request id="222" node="223">
            <quantity>60.0</quantity>
        </request>
        <request id="223" node="224">
            <quantity>60.0</quantity>
        </request>
        <request id="224" node="225">
            <quantity>60.0</quantity>
        </request>
        <request id="225" node="226">
            <quantity>60.0</quantity>
        </request>
        <request id="226" node="227">
            <quantity>60.0</quantity>
        </request>
        <request id="227" node="228">
            <quantity>60.0</quantity>
        </request>
        <request id="228" node="229">
            <quantity>60.0</quantity>
        </request>
        <request id="229" node="230">
            <quantity>60.0</quantity>
        </request>
        <request id="230" node="231">
            <quantity>60.0</quantity>
        </request>
        <request id="231" node="232">
            <quantity>60.0</quantity>
        </request>
        <request id="232" node="233">
            <quantity>60.0</quantity>
        </request>
        <request id="233" node="234">
            <quantity>60.0</quantity>
        </request>
        <request id="234" node="235">
            <quantity>60.0</quantity>
        </request>
        <request id="235" node="236">
            <quantity>60.0</quantity>
        </request>
        <request id="236" node="237">
            <quantity>60.0</quantity>
        </request>
        <request id="237" node="238">
            <quantity>60.0</quantity>
        </request>
        <request id="238" node="239">
            <quantity>60.0</quantity>
        </request>
        <request id="239" node="240">
            <quantity>60.0</quantity>
        </request>
        <request id="240" node="241">
            <quantity>60.0</quantity>
        </request>
        <request id="241" node="242">
            <quantity>60.0</quantity>
        </request>
        <request id="242" node="243">
            <quantity>60.0</quantity>
        </request>
        <request id="243" node="244">
            <quantity>60.0</quantity>
        </request>
        <request id="244" node="245">
            <quantity>60.0</quantity>
        </request>
        <request id="245" node="246">
            <quantity>60.0</quantity>
        </request>
        <request id="246" node="247">
            <quantity>60.0</quantity>
        </request>
        <request id="247" node="248">
            <quantity>60.0</quantity>
        </request>
        <request id="248" node="249">
            <quantity>60.0</quantity>
        </request>
        <request id="249" node="250">
            <quantity>60.0</quantity>
        </request>
        <request id="250" node="251">
            <quantity>60.0</quantity>
        </request>
        <request id="251" node="252">
            <quantity>60.0</quantity>
        </request>
        <request id="252" node="253">
            <quantity>52.0</quantity>
        </request>
        <request id="253" node="254">
            <quantity>52.0</quantity>
        </request>
        <request id="254" node="255">
            <quantity>52.0</quantity>
        </request>
        <request id="255" node="256">
            <quantity>52.0</quantity>
        </request>
        <request id="256" node="257">
            <quantity>52.0</quantity>
        </request>
        <request id="257" node="258">
            <quantity>52.0</quantity>
        </request>
        <request id="258" node="259">
            <quantity>52.0</quantity>
        </request>
        <request id="259" node="260">
            <quantity>52.0</quantity>
        </request>
        <request id="260" node="261">
            <quantity>52.0</quantity>
        </request>
        <request id="261" node="262">
            <quantity>52.0</quantity>
        </request>
        <request id="262" node="263">
            <quantity>52.0</quantity>
        </request>
        <request id="263" node="264">
            <quantity>52.0</quantity>
        </request>
        <request id="264" node="265">
            <quantity>52.0</quantity>
        </request>
        <request id="265" node="266">
            <quantity>52.0</quantity>
        </request>
        <request id="266" node="267">
            <quantity>52.0</quantity>
        </request>
        <request id="267" node="268">
            <quantity>52.0</quantity>
        </request>
        <request id="268" node="269">
            <quantity>52.0</quantity>
        </request>
        <request id="269" node="270">
            <quantity>52.0</quantity>
        </request>
        <request id="270" node="271">
            <quantity>52.0</quantity>
        </request>
        <request id="271" node="272">
            <quantity>52.0</quantity>
        </request>
        <request id="272" node="273">
            <quantity>52.0</quantity>
        </request>
        <request id="273" node="274">
            <quantity>52.0</quantity>
        </request>
        <request id="274" node="275">
            <quantity>52.0</quantity>
        </request>
        <request id="275" node="276">
            <quantity>52.0</quantity>
        </request>
        <request id="276" node="277">
            <quantity>52.0</quantity>
        </request>
        <request id="277" node="278">
            <quantity>52.0</quantity>
        </request>
        <request id="278" node="279">
            <quantity>52.0</quantity>
        </request>
        <request id="279" node="280">
            <quantity>52.0</quantity>
        </request>
        <request id="280" node="281">
            <quantity>52.0</quantity>
        </request>
        <request id="281" node="282">
            <quantity>52.0</quantity>
        </request>
        <request id="282" node="283">
            <quantity>52.0</quantity>
        </request>
        <request id="283" node="284">
            <quantity>52.0</quantity>
        </request>
        <request id="284" node="285">
            <quantity>52.0</quantity>
        </request>
        <request id="285" node="286">
            <quantity>52.0</quantity>
        </request>
        <request id="286" node="287">
            <quantity>52.0</quantity>
        </request>
        <request id="287" node="288">
            <quantity>52.0</quantity>
        </request>
        <request id="288" node="289">
            <quantity>52.0</quantity>
        </request>
        <request id="289" node="290">
            <quantity>52.0</quantity>
        </request>
        <request id="290" node="291">
            <quantity>52.0</quantity>
        </request>
        <request id="291" node="292">
            <quantity>52.0</quantity>
        </request>
        <request id="292" node="293">
            <quantity>52.0</quantity>
        </request>
        <request id="293" node="294">
            <quantity>52.0</quantity>
        </request>
        <request id="294" node="295">
            <quantity>52.0</quantity>
        </request>
        <request id="295" node="296">
            <quantity>52.0</quantity>
        </request>
        <request id="296" node="297">
            <quantity>52.0</quantity>
        </request>
        <request id="297" node="298">
            <quantity>52.0</quantity>
        </request>
        <request id="298" node="299">
            <quantity>52.0</quantity>
        </request>
        <request id="299" node="300">
            <quantity>52.0</quantity>
        </request>
        <request id="300" node="301">
            <quantity>52.0</quantity>
        </request>
        <request id="301" node="302">
            <quantity>52.0</quantity>
        </request>
        <request id="302" node="303">
            <quantity>52.0</quantity>
        </request>
        <request id="303" node="304">
            <quantity>52.0</quantity>
        </request>
        <request id="304" node="305">
            <quantity>52.0</quantity>
        </request>
        <request id="305" node="306">
            <quantity>52.0</quantity>
        </request>
        <request id="306" node="307">
            <quantity>52.0</quantity>
        </request>
        <request id="307" node="308">
            <quantity>52.0</quantity>
        </request>
        <request id="308" node="309">
            <quantity>52.0</quantity>
        </request>
        <request id="309" node="310">
            <quantity>52.0</quantity>
        </request>
        <request id="310" node="311">
            <quantity>52.0</quantity>
        </request>
        <request id="311" node="312">
            <quantity>52.0</quantity>
        </request>
        <request id="312" node="313">
            <quantity>52.0</quantity>
        </request>
        <request id="313" node="314">
            <quantity>52.0</quantity>
        </request>
        <request id="314" node="315">
            <quantity>52.0</quantity>
        </request>
        <request id="315" node="316">
            <quantity>52.0</quantity>
        </request>
        <request id="316" node="317">
            <quantity>52.0</quantity>
        </request>
        <request id="317" node="318">
            <quantity>52.0</quantity>
        </request>
        <request id="318" node="319">
            <quantity>52.0</quantity>
        </request>
        <request id="319" node="320">
            <quantity>52.0</quantity>
        </request>
        <request id="320" node="321">
            <quantity>47.0</quantity>
        </request>
        <request id="321" node="322">
            <quantity>47.0</quantity>
        </request>
        <request id="322" node="323">
            <quantity>47.0</quantity>
        </request>
        <request id="323" node="324">
            <quantity>47.0</quantity>
        </request>
        <request id="324" node="325">
            <quantity>47.0</quantity>
        </request>
        <request id="325" node="326">
            <quantity>47.0</quantity>
        </request>
        <request id="326" node="327">
            <quantity>47.0</quantity>
        </request>
        <request id="327" node="328">
            <quantity>47.0</quantity>
        </request>
        <request id="328" node="329">
            <quantity>47.0</quantity>
        </request>
        <request id="329" node="330">
            <quantity>47.0</quantity>
        </request>
        <request id="330" node="331">
            <quantity>47.0</quantity>
        </request>
        <request id="331" node="332">
            <quantity>47.0</quantity>
        </request>
        <request id="332" node="333">
            <quantity>47.0</quantity>
        </request>
        <request id="333" node="334">
            <quantity>47.0</quantity>
        </request>
        <request id="334" node="335">
            <quantity>47.0</quantity>
        </request>
        <request id="335" node="336">
            <quantity>47.0</quantity>
        </request>
        <request id="336" node="337">
            <quantity>47.0</quantity>
        </request>
        <request id="337" node="338">
            <quantity>47.0</quantity>
        </request>
        <request id="338" node="339">
            <quantity>47.0</quantity>
        </request>
        <request id="339" node="340">
            <quantity>47.0</quantity>
        </request>
        <request id="340" node="341">
            <quantity>47.0</quantity>
        </request>
        <request id="341" node="342">
            <quantity>47.0</quantity>
        </request>
        <request id="342" node="343">
            <quantity>47.0</quantity>
        </request>
        <request id="343" node="344">
            <quantity>47.0</quantity>
        </request>
        <request id="344" node="345">
            <quantity>47.0</quantity>
        </request>
        <request id="345" node="346">
            <quantity>47.0</quantity>
        </request>
        <request id="346" node="347">
            <quantity>47.0</quantity>
        </request>
        <request id="347" node="348">
            <quantity>47.0</quantity>
        </request>
        <request id="348" node="349">
            <quantity>47.0</quantity>
        </request>
        <request id="349" node="350">
            <quantity>47.0</quantity>
        </request>
        <request id="350" node="351">
            <quantity>47.0</quantity>
        </request>
        <request id="351" node="352">
            <quantity>47.0</quantity>
        </request>
        <request id="352" node="353">
            <quantity>47.0</quantity>
        </request>
        <request id="353" node="354">
            <quantity>47.0</quantity>
        </request>
        <request id="354" node="355">
            <quantity>47.0</quantity>
        </request>
        <request id="355" node="356">
            <quantity>47.0</quantity>
        </request>
        <request id="356" node="357">
            <quantity>47.0</quantity>
        </request>
        <request id="357" node="358">
            <quantity>47.0</quantity>
        </request>
        <request id="358" node="359">
            <quantity>47.0</quantity>
        </request>
        <request id="359" node="360">
            <quantity>47.0</quantity>
        </request>
        <request id="360" node="361">
            <quantity>47.0</quantity>
        </request>
        <request id="361" node="362">
            <quantity>47.0</quantity>
        </request>
        <request id="362" node="363">
            <quantity>47.0</quantity>
        </request>
        <request id="363" node="364">
            <quantity>47.0</quantity>
        </request>
        <request id="364" node="365">
            <quantity>47.0</quantity>
        </request>
        <request id="365" node="366">
            <quantity>47.0</quantity>
        </request>
        <request id="366" node="367">
            <quantity>47.0</quantity>
        </request>
        <request id="367" node="368">
            <quantity>47.0</quantity>
        </request>
        <request id="368" node="369">
            <quantity>47.0</quantity>
        </request>
        <request id="369" node="370">
            <quantity>47.0</quantity>
        </request>
        <request id="370" node="371">
            <quantity>47.0</quantity>
        </request>
        <request id="371" node="372">
            <quantity>47.0</quantity>
        </request>
        <request id="372" node="373">
            <quantity>47.0</quantity>
        </request>
        <request id="373" node="374">
            <quantity>47.0</quantity>
        </request>
        <request id="374" node="375">
            <quantity>47.0</quantity>
        </request>
        <request id="375" node="376">
            <quantity>47.0</quantity>
        </request>
        <request id="376" node="377">
            <quantity>47.0</quantity>
        </request>
        <request id="377" node="378">
            <quantity>47.0</quantity>
        </request>
        <request id="378" node="379">
            <quantity>47.0</quantity>
        </request>
        <request id="379" node="380">
            <quantity>47.0</quantity>
        </request>
        <request id="380" node="381">
            <quantity>47.0</quantity>
        </request>
        <request id="381" node="382">
            <quantity>47.0</quantity>
        </request>
        <request id="382" node="383">
            <quantity>47.0</quantity>
        </request>
        <request id="383" node="384">
            <quantity>47.0</quantity>
        </request>
        <request id="384" node="385">
            <quantity>47.0</quantity>
        </request>
        <request id="385" node="386">
            <quantity>47.0</quantity>
        </request>
        <request id="386" node="387">
            <quantity>47.0</quantity>
        </request>
        <request id="387" node="388">
            <quantity>47.0</quantity>
        </request>
        <request id="388" node="389">
            <quantity>47.0</quantity>
        </request>
        <request id="389" node="390">
            <quantity>47.0</quantity>
        </request>
        <request id="390" node="391">
            <quantity>47.0</quantity>
        </request>
        <request id="391" node="392">
            <quantity>47.0</quantity>
        </request>
        <request id="392" node="393">
            <quantity>47.0</quantity>
        </request>
        <request id="393" node="394">
            <quantity>47.0</quantity>
        </request>
        <request id="394" node="395">
            <quantity>47.0</quantity>
        </request>
        <request id="395" node="396">
            <quantity>47.0</quantity>
        </request>
    </requests>
</instance>
