<?xml version="1.0" encoding="UTF-8" standalone="yes"?>
<instance>
    <info>
        <dataset>Golden et al. 1998</dataset>
        <name>Golden_17</name>
    </info>
    <network>
        <nodes>
            <node id="1" type="1">
                <cx>5.7735</cx>
                <cy>0.0</cy>
            </node>
            <node id="2" type="1">
                <cx>2.8867</cx>
                <cy>5.0</cy>
            </node>
            <node id="3" type="1">
                <cx>-2.8868</cx>
                <cy>5.0</cy>
            </node>
            <node id="4" type="1">
                <cx>-5.7735</cx>
                <cy>0.0</cy>
            </node>
            <node id="5" type="1">
                <cx>-2.8867</cx>
                <cy>-5.0</cy>
            </node>
            <node id="6" type="1">
                <cx>2.8868</cx>
                <cy>-5.0</cy>
            </node>
            <node id="7" type="1">
                <cx>8.6603</cx>
                <cy>5.0</cy>
            </node>
            <node id="8" type="1">
                <cx>0.0</cx>
                <cy>10.0</cy>
            </node>
            <node id="9" type="1">
                <cx>-8.6603</cx>
                <cy>5.0</cy>
            </node>
            <node id="10" type="1">
                <cx>-8.6603</cx>
                <cy>-5.0</cy>
            </node>
            <node id="11" type="1">
                <cx>0.0</cx>
                <cy>-10.0</cy>
            </node>
            <node id="12" type="1">
                <cx>8.6603</cx>
                <cy>-5.0</cy>
            </node>
            <node id="13" type="1">
                <cx>5.3405</cx>
                <cy>0.75</cy>
            </node>
            <node id="14" type="1">
                <cx>3.3198</cx>
                <cy>4.25</cy>
            </node>
            <node id="15" type="1">
                <cx>6.4952</cx>
                <cy>-1.25</cy>
            </node>
            <node id="16" type="1">
                <cx>7.2169</cx>
                <cy>-2.5</cy>
            </node>
            <node id="17" type="1">
                <cx>7.9386</cx>
                <cy>-3.75</cy>
            </node>
            <node id="18" type="1">
                <cx>6.4952</cx>
                <cy>1.25</cy>
            </node>
            <node id="19" type="1">
                <cx>7.2169</cx>
                <cy>2.5</cy>
            </node>
            <node id="20" type="1">
                <cx>7.9386</cx>
                <cy>3.75</cy>
            </node>
            <node id="21" type="1">
                <cx>2.0207</cx>
                <cy>5.0</cy>
            </node>
            <node id="22" type="1">
                <cx>-2.0207</cx>
                <cy>5.0</cy>
            </node>
            <node id="23" type="1">
                <cx>4.3301</cx>
                <cy>5.0</cy>
            </node>
            <node id="24" type="1">
                <cx>5.7735</cx>
                <cy>5.0</cy>
            </node>
            <node id="25" type="1">
                <cx>7.2169</cx>
                <cy>5.0</cy>
            </node>
            <node id="26" type="1">
                <cx>2.1651</cx>
                <cy>6.25</cy>
            </node>
            <node id="27" type="1">
                <cx>1.4434</cx>
                <cy>7.5</cy>
            </node>
            <node id="28" type="1">
                <cx>0.7217</cx>
                <cy>8.75</cy>
            </node>
            <node id="29" type="1">
                <cx>-3.3198</cx>
                <cy>4.25</cy>
            </node>
            <node id="30" type="1">
                <cx>-5.3405</cx>
                <cy>0.75</cy>
            </node>
            <node id="31" type="1">
                <cx>-2.1651</cx>
                <cy>6.25</cy>
            </node>
            <node id="32" type="1">
                <cx>-1.4434</cx>
                <cy>7.5</cy>
            </node>
            <node id="33" type="1">
                <cx>-0.7217</cx>
                <cy>8.75</cy>
            </node>
            <node id="34" type="1">
                <cx>-4.3301</cx>
                <cy>5.0</cy>
            </node>
            <node id="35" type="1">
                <cx>-5.7735</cx>
                <cy>5.0</cy>
            </node>
            <node id="36" type="1">
                <cx>-7.2169</cx>
                <cy>5.0</cy>
            </node>
            <node id="37" type="1">
                <cx>-5.3405</cx>
                <cy>-0.75</cy>
            </node>
            <node id="38" type="1">
                <cx>-3.3198</cx>
                <cy>-4.25</cy>
            </node>
            <node id="39" type="1">
                <cx>-6.4952</cx>
                <cy>1.25</cy>
            </node>
            <node id="40" type="1">
                <cx>-7.2169</cx>
                <cy>2.5</cy>
            </node>
            <node id="41" type="1">
                <cx>-7.9386</cx>
                <cy>3.75</cy>
            </node>
            <node id="42" type="1">
                <cx>-6.4952</cx>
                <cy>-1.25</cy>
            </node>
            <node id="43" type="1">
                <cx>-7.2169</cx>
                <cy>-2.5</cy>
            </node>
            <node id="44" type="1">
                <cx>-7.9386</cx>
                <cy>-3.75</cy>
            </node>
            <node id="45" type="1">
                <cx>-2.0207</cx>
                <cy>-5.0</cy>
            </node>
            <node id="46" type="1">
                <cx>2.0207</cx>
                <cy>-5.0</cy>
            </node>
            <node id="47" type="1">
                <cx>-4.3301</cx>
                <cy>-5.0</cy>
            </node>
            <node id="48" type="1">
                <cx>-5.7735</cx>
                <cy>-5.0</cy>
            </node>
            <node id="49" type="1">
                <cx>-7.2169</cx>
                <cy>-5.0</cy>
            </node>
            <node id="50" type="1">
                <cx>-2.1651</cx>
                <cy>-6.25</cy>
            </node>
            <node id="51" type="1">
                <cx>-1.4434</cx>
                <cy>-7.5</cy>
            </node>
            <node id="52" type="1">
                <cx>-0.7217</cx>
                <cy>-8.75</cy>
            </node>
            <node id="53" type="1">
                <cx>3.3198</cx>
                <cy>-4.25</cy>
            </node>
            <node id="54" type="1">
                <cx>5.3405</cx>
                <cy>-0.75</cy>
            </node>
            <node id="55" type="1">
                <cx>2.1651</cx>
                <cy>-6.25</cy>
            </node>
            <node id="56" type="1">
                <cx>1.4434</cx>
                <cy>-7.5</cy>
            </node>
            <node id="57" type="1">
                <cx>0.7217</cx>
                <cy>-8.75</cy>
            </node>
            <node id="58" type="1">
                <cx>4.3301</cx>
                <cy>-5.0</cy>
            </node>
            <node id="59" type="1">
                <cx>5.7735</cx>
                <cy>-5.0</cy>
            </node>
            <node id="60" type="1">
                <cx>7.2169</cx>
                <cy>-5.0</cy>
            </node>
            <node id="61" type="1">
                <cx>7.2169</cx>
                <cy>0.0</cy>
            </node>
            <node id="62" type="1">
                <cx>3.6084</cx>
                <cy>6.25</cy>
            </node>
            <node id="63" type="1">
                <cx>-3.6084</cx>
                <cy>6.25</cy>
            </node>
            <node id="64" type="1">
                <cx>-7.2169</cx>
                <cy>0.0</cy>
            </node>
            <node id="65" type="1">
                <cx>-3.6084</cx>
                <cy>-6.25</cy>
            </node>
            <node id="66" type="1">
                <cx>3.6084</cx>
                <cy>-6.25</cy>
            </node>
            <node id="67" type="1">
                <cx>10.8253</cx>
                <cy>6.25</cy>
            </node>
            <node id="68" type="1">
                <cx>0.0</cx>
                <cy>12.5</cy>
            </node>
            <node id="69" type="1">
                <cx>-10.8253</cx>
                <cy>6.25</cy>
            </node>
            <node id="70" type="1">
                <cx>-10.8253</cx>
                <cy>-6.25</cy>
            </node>
            <node id="71" type="1">
                <cx>0.0</cx>
                <cy>-12.5</cy>
            </node>
            <node id="72" type="1">
                <cx>10.8253</cx>
                <cy>-6.25</cy>
            </node>
            <node id="73" type="1">
                <cx>6.6756</cx>
                <cy>0.9375</cy>
            </node>
            <node id="74" type="1">
                <cx>4.1497</cx>
                <cy>5.3125</cy>
            </node>
            <node id="75" type="1">
                <cx>8.119</cx>
                <cy>-1.5625</cy>
            </node>
            <node id="76" type="1">
                <cx>9.0211</cx>
                <cy>-3.125</cy>
            </node>
            <node id="77" type="1">
                <cx>9.9232</cx>
                <cy>-4.6875</cy>
            </node>
            <node id="78" type="1">
                <cx>8.119</cx>
                <cy>1.5625</cy>
            </node>
            <node id="79" type="1">
                <cx>9.0211</cx>
                <cy>3.125</cy>
            </node>
            <node id="80" type="1">
                <cx>9.9232</cx>
                <cy>4.6875</cy>
            </node>
            <node id="81" type="1">
                <cx>2.5259</cx>
                <cy>6.25</cy>
            </node>
            <node id="82" type="1">
                <cx>-2.5259</cx>
                <cy>6.25</cy>
            </node>
            <node id="83" type="1">
                <cx>5.4127</cx>
                <cy>6.25</cy>
            </node>
            <node id="84" type="1">
                <cx>7.2169</cx>
                <cy>6.25</cy>
            </node>
            <node id="85" type="1">
                <cx>9.0211</cx>
                <cy>6.25</cy>
            </node>
            <node id="86" type="1">
                <cx>2.7063</cx>
                <cy>7.8125</cy>
            </node>
            <node id="87" type="1">
                <cx>1.8042</cx>
                <cy>9.375</cy>
            </node>
            <node id="88" type="1">
                <cx>0.9021</cx>
                <cy>10.9375</cy>
            </node>
            <node id="89" type="1">
                <cx>-4.1497</cx>
                <cy>5.3125</cy>
            </node>
            <node id="90" type="1">
                <cx>-6.6756</cx>
                <cy>0.9375</cy>
            </node>
            <node id="91" type="1">
                <cx>-2.7063</cx>
                <cy>7.8125</cy>
            </node>
            <node id="92" type="1">
                <cx>-1.8042</cx>
                <cy>9.375</cy>
            </node>
            <node id="93" type="1">
                <cx>-0.9021</cx>
                <cy>10.9375</cy>
            </node>
            <node id="94" type="1">
                <cx>-5.4127</cx>
                <cy>6.25</cy>
            </node>
            <node id="95" type="1">
                <cx>-7.2169</cx>
                <cy>6.25</cy>
            </node>
            <node id="96" type="1">
                <cx>-9.0211</cx>
                <cy>6.25</cy>
            </node>
            <node id="97" type="1">
                <cx>-6.6756</cx>
                <cy>-0.9375</cy>
            </node>
            <node id="98" type="1">
                <cx>-4.1497</cx>
                <cy>-5.3125</cy>
            </node>
            <node id="99" type="1">
                <cx>-8.119</cx>
                <cy>1.5625</cy>
            </node>
            <node id="100" type="1">
                <cx>-9.0211</cx>
                <cy>3.125</cy>
            </node>
            <node id="101" type="1">
                <cx>-9.9232</cx>
                <cy>4.6875</cy>
            </node>
            <node id="102" type="1">
                <cx>-8.119</cx>
                <cy>-1.5625</cy>
            </node>
            <node id="103" type="1">
                <cx>-9.0211</cx>
                <cy>-3.125</cy>
            </node>
            <node id="104" type="1">
                <cx>-9.9232</cx>
                <cy>-4.6875</cy>
            </node>
            <node id="105" type="1">
                <cx>-2.5259</cx>
                <cy>-6.25</cy>
            </node>
            <node id="106" type="1">
                <cx>2.5259</cx>
                <cy>-6.25</cy>
            </node>
            <node id="107" type="1">
                <cx>-5.4127</cx>
                <cy>-6.25</cy>
            </node>
            <node id="108" type="1">
                <cx>-7.2169</cx>
                <cy>-6.25</cy>
            </node>
            <node id="109" type="1">
                <cx>-9.0211</cx>
                <cy>-6.25</cy>
            </node>
            <node id="110" type="1">
                <cx>-2.7063</cx>
                <cy>-7.8125</cy>
            </node>
            <node id="111" type="1">
                <cx>-1.8042</cx>
                <cy>-9.375</cy>
            </node>
            <node id="112" type="1">
                <cx>-0.9021</cx>
                <cy>-10.9375</cy>
            </node>
            <node id="113" type="1">
                <cx>4.1497</cx>
                <cy>-5.3125</cy>
            </node>
            <node id="114" type="1">
                <cx>6.6756</cx>
                <cy>-0.9375</cy>
            </node>
            <node id="115" type="1">
                <cx>2.7063</cx>
                <cy>-7.8125</cy>
            </node>
            <node id="116" type="1">
                <cx>1.8042</cx>
                <cy>-9.375</cy>
            </node>
            <node id="117" type="1">
                <cx>0.9021</cx>
                <cy>-10.9375</cy>
            </node>
            <node id="118" type="1">
                <cx>5.4127</cx>
                <cy>-6.25</cy>
            </node>
            <node id="119" type="1">
                <cx>7.2169</cx>
                <cy>-6.25</cy>
            </node>
            <node id="120" type="1">
                <cx>9.0211</cx>
                <cy>-6.25</cy>
            </node>
            <node id="121" type="1">
                <cx>9.0211</cx>
                <cy>0.0</cy>
            </node>
            <node id="122" type="1">
                <cx>4.5105</cx>
                <cy>7.8125</cy>
            </node>
            <node id="123" type="1">
                <cx>-4.5105</cx>
                <cy>7.8125</cy>
            </node>
            <node id="124" type="1">
                <cx>-9.0211</cx>
                <cy>0.0</cy>
            </node>
            <node id="125" type="1">
                <cx>-4.5105</cx>
                <cy>-7.8125</cy>
            </node>
            <node id="126" type="1">
                <cx>4.5106</cx>
                <cy>-7.8125</cy>
            </node>
            <node id="127" type="1">
                <cx>13.5316</cx>
                <cy>7.8125</cy>
            </node>
            <node id="128" type="1">
                <cx>0.0</cx>
                <cy>15.625</cy>
            </node>
            <node id="129" type="1">
                <cx>-13.5316</cx>
                <cy>7.8125</cy>
            </node>
            <node id="130" type="1">
                <cx>-13.5316</cx>
                <cy>-7.8125</cy>
            </node>
            <node id="131" type="1">
                <cx>0.0</cx>
                <cy>-15.625</cy>
            </node>
            <node id="132" type="1">
                <cx>13.5316</cx>
                <cy>-7.8125</cy>
            </node>
            <node id="133" type="1">
                <cx>8.3445</cx>
                <cy>1.1719</cy>
            </node>
            <node id="134" type="1">
                <cx>5.1871</cx>
                <cy>6.6406</cy>
            </node>
            <node id="135" type="1">
                <cx>10.1487</cx>
                <cy>-1.9531</cy>
            </node>
            <node id="136" type="1">
                <cx>11.2764</cx>
                <cy>-3.9062</cy>
            </node>
            <node id="137" type="1">
                <cx>12.404</cx>
                <cy>-5.8594</cy>
            </node>
            <node id="138" type="1">
                <cx>10.1487</cx>
                <cy>1.9531</cy>
            </node>
            <node id="139" type="1">
                <cx>11.2764</cx>
                <cy>3.9062</cy>
            </node>
            <node id="140" type="1">
                <cx>12.404</cx>
                <cy>5.8594</cy>
            </node>
            <node id="141" type="1">
                <cx>3.1574</cx>
                <cy>7.8125</cy>
            </node>
            <node id="142" type="1">
                <cx>-3.1574</cx>
                <cy>7.8125</cy>
            </node>
            <node id="143" type="1">
                <cx>6.7658</cx>
                <cy>7.8125</cy>
            </node>
            <node id="144" type="1">
                <cx>9.0211</cx>
                <cy>7.8125</cy>
            </node>
            <node id="145" type="1">
                <cx>11.2764</cx>
                <cy>7.8125</cy>
            </node>
            <node id="146" type="1">
                <cx>3.3829</cx>
                <cy>9.7656</cy>
            </node>
            <node id="147" type="1">
                <cx>2.2553</cx>
                <cy>11.7187</cy>
            </node>
            <node id="148" type="1">
                <cx>1.1276</cx>
                <cy>13.6719</cy>
            </node>
            <node id="149" type="1">
                <cx>-5.1871</cx>
                <cy>6.6406</cy>
            </node>
            <node id="150" type="1">
                <cx>-8.3445</cx>
                <cy>1.1719</cy>
            </node>
            <node id="151" type="1">
                <cx>-3.3829</cx>
                <cy>9.7656</cy>
            </node>
            <node id="152" type="1">
                <cx>-2.2553</cx>
                <cy>11.7187</cy>
            </node>
            <node id="153" type="1">
                <cx>-1.1276</cx>
                <cy>13.6719</cy>
            </node>
            <node id="154" type="1">
                <cx>-6.7658</cx>
                <cy>7.8125</cy>
            </node>
            <node id="155" type="1">
                <cx>-9.0211</cx>
                <cy>7.8125</cy>
            </node>
            <node id="156" type="1">
                <cx>-11.2764</cx>
                <cy>7.8125</cy>
            </node>
            <node id="157" type="1">
                <cx>-8.3445</cx>
                <cy>-1.1719</cy>
            </node>
            <node id="158" type="1">
                <cx>-5.1871</cx>
                <cy>-6.6406</cy>
            </node>
            <node id="159" type="1">
                <cx>-10.1487</cx>
                <cy>1.9531</cy>
            </node>
            <node id="160" type="1">
                <cx>-11.2764</cx>
                <cy>3.9062</cy>
            </node>
            <node id="161" type="1">
                <cx>-12.404</cx>
                <cy>5.8594</cy>
            </node>
            <node id="162" type="1">
                <cx>-10.1487</cx>
                <cy>-1.9531</cy>
            </node>
            <node id="163" type="1">
                <cx>-11.2764</cx>
                <cy>-3.9063</cy>
            </node>
            <node id="164" type="1">
                <cx>-12.404</cx>
                <cy>-5.8594</cy>
            </node>
            <node id="165" type="1">
                <cx>-3.1574</cx>
                <cy>-7.8125</cy>
            </node>
            <node id="166" type="1">
                <cx>3.1574</cx>
                <cy>-7.8125</cy>
            </node>
            <node id="167" type="1">
                <cx>-6.7658</cx>
                <cy>-7.8125</cy>
            </node>
            <node id="168" type="1">
                <cx>-9.0211</cx>
                <cy>-7.8125</cy>
            </node>
            <node id="169" type="1">
                <cx>-11.2764</cx>
                <cy>-7.8125</cy>
            </node>
            <node id="170" type="1">
                <cx>-3.3829</cx>
                <cy>-9.7656</cy>
            </node>
            <node id="171" type="1">
                <cx>-2.2553</cx>
                <cy>-11.7187</cy>
            </node>
            <node id="172" type="1">
                <cx>-1.1276</cx>
                <cy>-13.6719</cy>
            </node>
            <node id="173" type="1">
                <cx>5.1871</cx>
                <cy>-6.6406</cy>
            </node>
            <node id="174" type="1">
                <cx>8.3445</cx>
                <cy>-1.1719</cy>
            </node>
            <node id="175" type="1">
                <cx>3.3829</cx>
                <cy>-9.7656</cy>
            </node>
            <node id="176" type="1">
                <cx>2.2553</cx>
                <cy>-11.7187</cy>
            </node>
            <node id="177" type="1">
                <cx>1.1276</cx>
                <cy>-13.6719</cy>
            </node>
            <node id="178" type="1">
                <cx>6.7658</cx>
                <cy>-7.8125</cy>
            </node>
            <node id="179" type="1">
                <cx>9.0211</cx>
                <cy>-7.8125</cy>
            </node>
            <node id="180" type="1">
                <cx>11.2764</cx>
                <cy>-7.8125</cy>
            </node>
            <node id="181" type="1">
                <cx>11.2764</cx>
                <cy>0.0</cy>
            </node>
            <node id="182" type="1">
                <cx>5.6382</cx>
                <cy>9.7656</cy>
            </node>
            <node id="183" type="1">
                <cx>-5.6382</cx>
                <cy>9.7656</cy>
            </node>
            <node id="184" type="1">
                <cx>-11.2764</cx>
                <cy>0.0</cy>
            </node>
            <node id="185" type="1">
                <cx>-5.6382</cx>
                <cy>-9.7656</cy>
            </node>
            <node id="186" type="1">
                <cx>5.6382</cx>
                <cy>-9.7656</cy>
            </node>
            <node id="187" type="1">
                <cx>16.9146</cx>
                <cy>9.7656</cy>
            </node>
            <node id="188" type="1">
                <cx>0.0</cx>
                <cy>19.5312</cy>
            </node>
            <node id="189" type="1">
                <cx>-16.9146</cx>
                <cy>9.7656</cy>
            </node>
            <node id="190" type="1">
                <cx>-16.9146</cx>
                <cy>-9.7656</cy>
            </node>
            <node id="191" type="1">
                <cx>0.0</cx>
                <cy>-19.5312</cy>
            </node>
            <node id="192" type="1">
                <cx>16.9146</cx>
                <cy>-9.7656</cy>
            </node>
            <node id="193" type="1">
                <cx>10.4306</cx>
                <cy>1.4648</cy>
            </node>
            <node id="194" type="1">
                <cx>6.4839</cx>
                <cy>8.3008</cy>
            </node>
            <node id="195" type="1">
                <cx>12.6859</cx>
                <cy>-2.4414</cy>
            </node>
            <node id="196" type="1">
                <cx>14.0955</cx>
                <cy>-4.8828</cy>
            </node>
            <node id="197" type="1">
                <cx>15.505</cx>
                <cy>-7.3242</cy>
            </node>
            <node id="198" type="1">
                <cx>12.6859</cx>
                <cy>2.4414</cy>
            </node>
            <node id="199" type="1">
                <cx>14.0955</cx>
                <cy>4.8828</cy>
            </node>
            <node id="200" type="1">
                <cx>15.505</cx>
                <cy>7.3242</cy>
            </node>
            <node id="201" type="1">
                <cx>3.9467</cx>
                <cy>9.7656</cy>
            </node>
            <node id="202" type="1">
                <cx>-3.9467</cx>
                <cy>9.7656</cy>
            </node>
            <node id="203" type="1">
                <cx>8.4573</cx>
                <cy>9.7656</cy>
            </node>
            <node id="204" type="1">
                <cx>11.2764</cx>
                <cy>9.7656</cy>
            </node>
            <node id="205" type="1">
                <cx>14.0955</cx>
                <cy>9.7656</cy>
            </node>
            <node id="206" type="1">
                <cx>4.2286</cx>
                <cy>12.207</cy>
            </node>
            <node id="207" type="1">
                <cx>2.8191</cx>
                <cy>14.6484</cy>
            </node>
            <node id="208" type="1">
                <cx>1.4095</cx>
                <cy>17.0898</cy>
            </node>
            <node id="209" type="1">
                <cx>-6.4839</cx>
                <cy>8.3008</cy>
            </node>
            <node id="210" type="1">
                <cx>-10.4306</cx>
                <cy>1.4648</cy>
            </node>
            <node id="211" type="1">
                <cx>-4.2286</cx>
                <cy>12.207</cy>
            </node>
            <node id="212" type="1">
                <cx>-2.8191</cx>
                <cy>14.6484</cy>
            </node>
            <node id="213" type="1">
                <cx>-1.4095</cx>
                <cy>17.0898</cy>
            </node>
            <node id="214" type="1">
                <cx>-8.4573</cx>
                <cy>9.7656</cy>
            </node>
            <node id="215" type="1">
                <cx>-11.2764</cx>
                <cy>9.7656</cy>
            </node>
            <node id="216" type="1">
                <cx>-14.0955</cx>
                <cy>9.7656</cy>
            </node>
            <node id="217" type="1">
                <cx>-10.4306</cx>
                <cy>-1.4648</cy>
            </node>
            <node id="218" type="1">
                <cx>-6.4839</cx>
                <cy>-8.3008</cy>
            </node>
            <node id="219" type="1">
                <cx>-12.6859</cx>
                <cy>2.4414</cy>
            </node>
            <node id="220" type="1">
                <cx>-14.0955</cx>
                <cy>4.8828</cy>
            </node>
            <node id="221" type="1">
                <cx>-15.505</cx>
                <cy>7.3242</cy>
            </node>
            <node id="222" type="1">
                <cx>-12.6859</cx>
                <cy>-2.4414</cy>
            </node>
            <node id="223" type="1">
                <cx>-14.0955</cx>
                <cy>-4.8828</cy>
            </node>
            <node id="224" type="1">
                <cx>-15.505</cx>
                <cy>-7.3242</cy>
            </node>
            <node id="225" type="1">
                <cx>-3.9467</cx>
                <cy>-9.7656</cy>
            </node>
            <node id="226" type="1">
                <cx>3.9467</cx>
                <cy>-9.7656</cy>
            </node>
            <node id="227" type="1">
                <cx>-8.4573</cx>
                <cy>-9.7656</cy>
            </node>
            <node id="228" type="1">
                <cx>-11.2764</cx>
                <cy>-9.7656</cy>
            </node>
            <node id="229" type="1">
                <cx>-14.0955</cx>
                <cy>-9.7656</cy>
            </node>
            <node id="230" type="1">
                <cx>-4.2286</cx>
                <cy>-12.207</cy>
            </node>
            <node id="231" type="1">
                <cx>-2.8191</cx>
                <cy>-14.6484</cy>
            </node>
            <node id="232" type="1">
                <cx>-1.4095</cx>
                <cy>-17.0898</cy>
            </node>
            <node id="233" type="1">
                <cx>6.4839</cx>
                <cy>-8.3008</cy>
            </node>
            <node id="234" type="1">
                <cx>10.4306</cx>
                <cy>-1.4648</cy>
            </node>
            <node id="235" type="1">
                <cx>4.2286</cx>
                <cy>-12.207</cy>
            </node>
            <node id="236" type="1">
                <cx>2.8191</cx>
                <cy>-14.6484</cy>
            </node>
            <node id="237" type="1">
                <cx>1.4095</cx>
                <cy>-17.0898</cy>
            </node>
            <node id="238" type="1">
                <cx>8.4573</cx>
                <cy>-9.7656</cy>
            </node>
            <node id="239" type="1">
                <cx>11.2764</cx>
                <cy>-9.7656</cy>
            </node>
            <node id="240" type="1">
                <cx>14.0955</cx>
                <cy>-9.7656</cy>
            </node>
            <node id="241" type="0">
                <cx>0.0</cx>
                <cy>0.0</cy>
            </node>
        </nodes>
        <euclidean/>
        <decimals>0</decimals>
    </network>
    <fleet>
        <vehicle_profile type="0">
            <departure_node>241</departure_node>
            <arrival_node>241</arrival_node>
            <capacity>200.0</capacity>
        </vehicle_profile>
    </fleet>
    <requests>
        <request id="0" node="1">
            <quantity>40.0</quantity>
        </request>
        <request id="1" node="2">
            <quantity>40.0</quantity>
        </request>
        <request id="2" node="3">
            <quantity>40.0</quantity>
        </request>
        <request id="3" node="4">
            <quantity>40.0</quantity>
        </request>
        <request id="4" node="5">
            <quantity>40.0</quantity>
        </request>
        <request id="5" node="6">
            <quantity>40.0</quantity>
        </request>
        <request id="6" node="7">
            <quantity>40.0</quantity>
        </request>
        <request id="7" node="8">
            <quantity>40.0</quantity>
        </request>
        <request id="8" node="9">
            <quantity>40.0</quantity>
        </request>
        <request id="9" node="10">
            <quantity>40.0</quantity>
        </request>
        <request id="10" node="11">
            <quantity>40.0</quantity>
        </request>
        <request id="11" node="12">
            <quantity>40.0</quantity>
        </request>
        <request id="12" node="13">
            <quantity>10.0</quantity>
        </request>
        <request id="13" node="14">
            <quantity>10.0</quantity>
        </request>
        <request id="14" node="15">
            <quantity>10.0</quantity>
        </request>
        <request id="15" node="16">
            <quantity>20.0</quantity>
        </request>
        <request id="16" node="17">
            <quantity>10.0</quantity>
        </request>
        <request id="17" node="18">
            <quantity>10.0</quantity>
        </request>
        <request id="18" node="19">
            <quantity>20.0</quantity>
        </request>
        <request id="19" node="20">
            <quantity>10.0</quantity>
        </request>
        <request id="20" node="21">
            <quantity>10.0</quantity>
        </request>
        <request id="21" node="22">
            <quantity>10.0</quantity>
        </request>
        <request id="22" node="23">
            <quantity>10.0</quantity>
        </request>
        <request id="23" node="24">
            <quantity>20.0</quantity>
        </request>
        <request id="24" node="25">
            <quantity>10.0</quantity>
        </request>
        <request id="25" node="26">
            <quantity>10.0</quantity>
        </request>
        <request id="26" node="27">
            <quantity>20.0</quantity>
        </request>
        <request id="27" node="28">
            <quantity>10.0</quantity>
        </request>
        <request id="28" node="29">
            <quantity>10.0</quantity>
        </request>
        <request id="29" node="30">
            <quantity>10.0</quantity>
        </request>
        <request id="30" node="31">
            <quantity>10.0</quantity>
        </request>
        <request id="31" node="32">
            <quantity>20.0</quantity>
        </request>
        <request id="32" node="33">
            <quantity>10.0</quantity>
        </request>
        <request id="33" node="34">
            <quantity>10.0</quantity>
        </request>
        <request id="34" node="35">
            <quantity>20.0</quantity>
        </request>
        <request id="35" node="36">
            <quantity>10.0</quantity>
        </request>
        <request id="36" node="37">
            <quantity>10.0</quantity>
        </request>
        <request id="37" node="38">
            <quantity>10.0</quantity>
        </request>
        <request id="38" node="39">
            <quantity>10.0</quantity>
        </request>
        <request id="39" node="40">
            <quantity>20.0</quantity>
        </request>
        <request id="40" node="41">
            <quantity>10.0</quantity>
        </request>
        <request id="41" node="42">
            <quantity>10.0</quantity>
        </request>
        <request id="42" node="43">
            <quantity>20.0</quantity>
        </request>
        <request id="43" node="44">
            <quantity>10.0</quantity>
        </request>
        <request id="44" node="45">
            <quantity>10.0</quantity>
        </request>
        <request id="45" node="46">
            <quantity>10.0</quantity>
        </request>
        <request id="46" node="47">
            <quantity>10.0</quantity>
        </request>
        <request id="47" node="48">
            <quantity>20.0</quantity>
        </request>
        <request id="48" node="49">
            <quantity>10.0</quantity>
        </request>
        <request id="49" node="50">
            <quantity>10.0</quantity>
        </request>
        <request id="50" node="51">
            <quantity>20.0</quantity>
        </request>
        <request id="51" node="52">
            <quantity>10.0</quantity>
        </request>
        <request id="52" node="53">
            <quantity>10.0</quantity>
        </request>
        <request id="53" node="54">
            <quantity>10.0</quantity>
        </request>
        <request id="54" node="55">
            <quantity>10.0</quantity>
        </request>
        <request id="55" node="56">
            <quantity>20.0</quantity>
        </request>
        <request id="56" node="57">
            <quantity>10.0</quantity>
        </request>
        <request id="57" node="58">
            <quantity>10.0</quantity>
        </request>
        <request id="58" node="59">
            <quantity>20.0</quantity>
        </request>
        <request id="59" node="60">
            <quantity>10.0</quantity>
        </request>
        <request id="60" node="61">
            <quantity>40.0</quantity>
        </request>
        <request id="61" node="62">
            <quantity>40.0</quantity>
        </request>
        <request id="62" node="63">
            <quantity>40.0</quantity>
        </request>
        <request id="63" node="64">
            <quantity>40.0</quantity>
        </request>
        <request id="64" node="65">
            <quantity>40.0</quantity>
        </request>
        <request id="65" node="66">
            <quantity>40.0</quantity>
        </request>
        <request id="66" node="67">
            <quantity>40.0</quantity>
        </request>
        <request id="67" node="68">
            <quantity>40.0</quantity>
        </request>
        <request id="68" node="69">
            <quantity>40.0</quantity>
        </request>
        <request id="69" node="70">
            <quantity>40.0</quantity>
        </request>
        <request id="70" node="71">
            <quantity>40.0</quantity>
        </request>
        <request id="71" node="72">
            <quantity>40.0</quantity>
        </request>
        <request id="72" node="73">
            <quantity>10.0</quantity>
        </request>
        <request id="73" node="74">
            <quantity>10.0</quantity>
        </request>
        <request id="74" node="75">
            <quantity>10.0</quantity>
        </request>
        <request id="75" node="76">
            <quantity>20.0</quantity>
        </request>
        <request id="76" node="77">
            <quantity>10.0</quantity>
        </request>
        <request id="77" node="78">
            <quantity>10.0</quantity>
        </request>
        <request id="78" node="79">
            <quantity>20.0</quantity>
        </request>
        <request id="79" node="80">
            <quantity>10.0</quantity>
        </request>
        <request id="80" node="81">
            <quantity>10.0</quantity>
        </request>
        <request id="81" node="82">
            <quantity>10.0</quantity>
        </request>
        <request id="82" node="83">
            <quantity>10.0</quantity>
        </request>
        <request id="83" node="84">
            <quantity>20.0</quantity>
        </request>
        <request id="84" node="85">
            <quantity>10.0</quantity>
        </request>
        <request id="85" node="86">
            <quantity>10.0</quantity>
        </request>
        <request id="86" node="87">
            <quantity>20.0</quantity>
        </request>
        <request id="87" node="88">
            <quantity>10.0</quantity>
        </request>
        <request id="88" node="89">
            <quantity>10.0</quantity>
        </request>
        <request id="89" node="90">
            <quantity>10.0</quantity>
        </request>
        <request id="90" node="91">
            <quantity>10.0</quantity>
        </request>
        <request id="91" node="92">
            <quantity>20.0</quantity>
        </request>
        <request id="92" node="93">
            <quantity>10.0</quantity>
        </request>
        <request id="93" node="94">
            <quantity>10.0</quantity>
        </request>
        <request id="94" node="95">
            <quantity>20.0</quantity>
        </request>
        <request id="95" node="96">
            <quantity>10.0</quantity>
        </request>
        <request id="96" node="97">
            <quantity>10.0</quantity>
        </request>
        <request id="97" node="98">
            <quantity>10.0</quantity>
        </request>
        <request id="98" node="99">
            <quantity>10.0</quantity>
        </request>
        <request id="99" node="100">
            <quantity>20.0</quantity>
        </request>
        <request id="100" node="101">
            <quantity>10.0</quantity>
        </request>
        <request id="101" node="102">
            <quantity>10.0</quantity>
        </request>
        <request id="102" node="103">
            <quantity>20.0</quantity>
        </request>
        <request id="103" node="104">
            <quantity>10.0</quantity>
        </request>
        <request id="104" node="105">
            <quantity>10.0</quantity>
        </request>
        <request id="105" node="106">
            <quantity>10.0</quantity>
        </request>
        <request id="106" node="107">
            <quantity>10.0</quantity>
        </request>
        <request id="107" node="108">
            <quantity>20.0</quantity>
        </request>
        <request id="108" node="109">
            <quantity>10.0</quantity>
        </request>
        <request id="109" node="110">
            <quantity>10.0</quantity>
        </request>
        <request id="110" node="111">
            <quantity>20.0</quantity>
        </request>
        <request id="111" node="112">
            <quantity>10.0</quantity>
        </request>
        <request id="112" node="113">
            <quantity>10.0</quantity>
        </request>
        <request id="113" node="114">
            <quantity>10.0</quantity>
        </request>
        <request id="114" node="115">
            <quantity>10.0</quantity>
        </request>
        <request id="115" node="116">
            <quantity>20.0</quantity>
        </request>
        <request id="116" node="117">
            <quantity>10.0</quantity>
        </request>
        <request id="117" node="118">
            <quantity>10.0</quantity>
        </request>
        <request id="118" node="119">
            <quantity>20.0</quantity>
        </request>
        <request id="119" node="120">
            <quantity>10.0</quantity>
        </request>
        <request id="120" node="121">
            <quantity>40.0</quantity>
        </request>
        <request id="121" node="122">
            <quantity>40.0</quantity>
        </request>
        <request id="122" node="123">
            <quantity>40.0</quantity>
        </request>
        <request id="123" node="124">
            <quantity>40.0</quantity>
        </request>
        <request id="124" node="125">
            <quantity>40.0</quantity>
        </request>
        <request id="125" node="126">
            <quantity>40.0</quantity>
        </request>
        <request id="126" node="127">
            <quantity>40.0</quantity>
        </request>
        <request id="127" node="128">
            <quantity>40.0</quantity>
        </request>
        <request id="128" node="129">
            <quantity>40.0</quantity>
        </request>
        <request id="129" node="130">
            <quantity>40.0</quantity>
        </request>
        <request id="130" node="131">
            <quantity>40.0</quantity>
        </request>
        <request id="131" node="132">
            <quantity>40.0</quantity>
        </request>
        <request id="132" node="133">
            <quantity>10.0</quantity>
        </request>
        <request id="133" node="134">
            <quantity>10.0</quantity>
        </request>
        <request id="134" node="135">
            <quantity>10.0</quantity>
        </request>
        <request id="135" node="136">
            <quantity>20.0</quantity>
        </request>
        <request id="136" node="137">
            <quantity>10.0</quantity>
        </request>
        <request id="137" node="138">
            <quantity>10.0</quantity>
        </request>
        <request id="138" node="139">
            <quantity>20.0</quantity>
        </request>
        <request id="139" node="140">
            <quantity>10.0</quantity>
        </request>
        <request id="140" node="141">
            <quantity>10.0</quantity>
        </request>
        <request id="141" node="142">
            <quantity>10.0</quantity>
        </request>
        <request id="142" node="143">
            <quantity>10.0</quantity>
        </request>
        <request id="143" node="144">
            <quantity>20.0</quantity>
        </request>
        <request id="144" node="145">
            <quantity>10.0</quantity>
        </request>
        <request id="145" node="146">
            <quantity>10.0</quantity>
        </request>
        <request id="146" node="147">
            <quantity>20.0</quantity>
        </request>
        <request id="147" node="148">
            <quantity>10.0</quantity>
        </request>
        <request id="148" node="149">
            <quantity>10.0</quantity>
        </request>
        <request id="149" node="150">
            <quantity>10.0</quantity>
        </request>
        <request id="150" node="151">
            <quantity>10.0</quantity>
        </request>
        <request id="151" node="152">
            <quantity>20.0</quantity>
        </request>
        <request id="152" node="153">
            <quantity>10.0</quantity>
        </request>
        <request id="153" node="154">
            <quantity>10.0</quantity>
        </request>
        <request id="154" node="155">
            <quantity>20.0</quantity>
        </request>
        <request id="155" node="156">
            <quantity>10.0</quantity>
        </request>
        <request id="156" node="157">
            <quantity>10.0</quantity>
        </request>
        <request id="157" node="158">
            <quantity>10.0</quantity>
        </request>
        <request id="158" node="159">
            <quantity>10.0</quantity>
        </request>
        <request id="159" node="160">
            <quantity>20.0</quantity>
        </request>
        <request id="160" node="161">
            <quantity>10.0</quantity>
        </request>
        <request id="161" node="162">
            <quantity>10.0</quantity>
        </request>
        <request id="162" node="163">
            <quantity>20.0</quantity>
        </request>
        <request id="163" node="164">
            <quantity>10.0</quantity>
        </request>
        <request id="164" node="165">
            <quantity>10.0</quantity>
        </request>
        <request id="165" node="166">
            <quantity>10.0</quantity>
        </request>
        <request id="166" node="167">
            <quantity>10.0</quantity>
        </request>
        <request id="167" node="168">
            <quantity>20.0</quantity>
        </request>
        <request id="168" node="169">
            <quantity>10.0</quantity>
        </request>
        <request id="169" node="170">
            <quantity>10.0</quantity>
        </request>
        <request id="170" node="171">
            <quantity>20.0</quantity>
        </request>
        <request id="171" node="172">
            <quantity>10.0</quantity>
        </request>
        <request id="172" node="173">
            <quantity>10.0</quantity>
        </request>
        <request id="173" node="174">
            <quantity>10.0</quantity>
        </request>
        <request id="174" node="175">
            <quantity>10.0</quantity>
        </request>
        <request id="175" node="176">
            <quantity>20.0</quantity>
        </request>
        <request id="176" node="177">
            <quantity>10.0</quantity>
        </request>
        <request id="177" node="178">
            <quantity>10.0</quantity>
        </request>
        <request id="178" node="179">
            <quantity>20.0</quantity>
        </request>
        <request id="179" node="180">
            <quantity>10.0</quantity>
        </request>
        <request id="180" node="181">
            <quantity>40.0</quantity>
        </request>
        <request id="181" node="182">
            <quantity>40.0</quantity>
        </request>
        <request id="182" node="183">
            <quantity>40.0</quantity>
        </request>
        <request id="183" node="184">
            <quantity>40.0</quantity>
        </request>
        <request id="184" node="185">
            <quantity>40.0</quantity>
        </request>
        <request id="185" node="186">
            <quantity>40.0</quantity>
        </request>
        <request id="186" node="187">
            <quantity>40.0</quantity>
        </request>
        <request id="187" node="188">
            <quantity>40.0</quantity>
        </request>
        <request id="188" node="189">
            <quantity>40.0</quantity>
        </request>
        <request id="189" node="190">
            <quantity>40.0</quantity>
        </request>
        <request id="190" node="191">
            <quantity>40.0</quantity>
        </request>
        <request id="191" node="192">
            <quantity>40.0</quantity>
        </request>
        <request id="192" node="193">
            <quantity>10.0</quantity>
        </request>
        <request id="193" node="194">
            <quantity>10.0</quantity>
        </request>
        <request id="194" node="195">
            <quantity>10.0</quantity>
        </request>
        <request id="195" node="196">
            <quantity>20.0</quantity>
        </request>
        <request id="196" node="197">
            <quantity>10.0</quantity>
        </request>
        <request id="197" node="198">
            <quantity>10.0</quantity>
        </request>
        <request id="198" node="199">
            <quantity>20.0</quantity>
        </request>
        <request id="199" node="200">
            <quantity>10.0</quantity>
        </request>
        <request id="200" node="201">
            <quantity>10.0</quantity>
        </request>
        <request id="201" node="202">
            <quantity>10.0</quantity>
        </request>
        <request id="202" node="203">
            <quantity>10.0</quantity>
        </request>
        <request id="203" node="204">
            <quantity>20.0</quantity>
        </request>
        <request id="204" node="205">
            <quantity>10.0</quantity>
        </request>
        <request id="205" node="206">
            <quantity>10.0</quantity>
        </request>
        <request id="206" node="207">
            <quantity>20.0</quantity>
        </request>
        <request id="207" node="208">
            <quantity>10.0</quantity>
        </request>
        <request id="208" node="209">
            <quantity>10.0</quantity>
        </request>
        <request id="209" node="210">
            <quantity>10.0</quantity>
        </request>
        <request id="210" node="211">
            <quantity>10.0</quantity>
        </request>
        <request id="211" node="212">
            <quantity>20.0</quantity>
        </request>
        <request id="212" node="213">
            <quantity>10.0</quantity>
        </request>
        <request id="213" node="214">
            <quantity>10.0</quantity>
        </request>
        <request id="214" node="215">
            <quantity>20.0</quantity>
        </request>
        <request id="215" node="216">
            <quantity>10.0</quantity>
        </request>
        <request id="216" node="217">
            <quantity>10.0</quantity>
        </request>
        <request id="217" node="218">
            <quantity>10.0</quantity>
        </request>
        <request id="218" node="219">
            <quantity>10.0</quantity>
        </request>
        <request id="219" node="220">
            <quantity>20.0</quantity>
        </request>
        <request id="220" node="221">
            <quantity>10.0</quantity>
        </request>
        <request id="221" node="222">
            <quantity>10.0</quantity>
        </request>
        <request id="222" node="223">
            <quantity>20.0</quantity>
        </request>
        <request id="223" node="224">
            <quantity>10.0</quantity>
        </request>
        <request id="224" node="225">
            <quantity>10.0</quantity>
        </request>
        <request id="225" node="226">
            <quantity>10.0</quantity>
        </request>
        <request id="226" node="227">
            <quantity>10.0</quantity>
        </request>
        <request id="227" node="228">
            <quantity>20.0</quantity>
        </request>
        <request id="228" node="229">
            <quantity>10.0</quantity>
        </request>
        <request id="229" node="230">
            <quantity>10.0</quantity>
        </request>
        <request id="230" node="231">
            <quantity>20.0</quantity>
        </request>
        <request id="231" node="232">
            <quantity>10.0</quantity>
        </request>
        <request id="232" node="233">
            <quantity>10.0</quantity>
        </request>
        <request id="233" node="234">
            <quantity>10.0</quantity>
        </request>
        <request id="234" node="235">
            <quantity>10.0</quantity>
        </request>
        <request id="235" node="236">
            <quantity>20.0</quantity>
        </request>
        <request id="236" node="237">
            <quantity>10.0</quantity>
        </request>
        <request id="237" node="238">
            <quantity>10.0</quantity>
        </request>
        <request id="238" node="239">
            <quantity>20.0</quantity>
        </request>
        <request id="239" node="240">
            <quantity>10.0</quantity>
        </request>
    </requests>
</instance>
